spread_by_ordinal_ms,spread_end_by_ordinal_ms,gs_mismatch
316.57199999608565,316.4790000009816,False
5.894000001717359,5.856000003404915,False
999.7409999923548,999.934999999823,False
85.73599999363068,85.75199999904726,False
1436.9399999995949,1437.0300000009593,False
55.55099999764934,55.594999997993,False
1680.214000007254,1680.3079999954207,False
188.1779999966966,188.3209999941755,False
1556.851999994251,1556.9499999983236,False
386.18999999016523,386.2970000045607,False
1885.8069999987492,1885.9389999997802,False
408.4959999890998,408.54899999976624,False
1502.97899999714,1503.0699999915669,False
567.7129999967292,567.7790000045206,False
1753.2939999946393,1753.405000010389,False
286.0369999980321,286.10199999820907,False
1366.4569999964442,1366.571999998996,False
1283.6999999999534,1283.8080000074115,False
711.1819999990985,711.2130000023171,False
1523.390999995172,1523.735000009765,False
570.6130000035046,570.6850000133272,False
1506.387999994331,1506.5040000044974,False
297.36299999058247,297.4359999934677,False
2165.173000001232,2165.299000000232,False
69.45700000505894,69.57500000135042,False
2109.494000003906,2109.617000009166,False
369.7989999927813,369.9029999988852,False
1840.7729999889852,1840.8580000104848,False
70.3629999916302,70.57300000451505,False
2737.2920000052545,2737.410000001546,False
137.62100000167266,137.64800000353716,False
2540.9570000047097,2541.0790000023553,False
10.557000001426786,10.57800000126008,False
2072.604999993928,2072.7140000090003,False
11.327999993227422,11.306999993394129,False
2575.152999997954,2575.278000003891,False
39.373000006889924,39.428999996744096,False
1455.0650000019232,1455.1809999975376,False
13.491000005160458,13.614000010420568,False
2277.42300000682,2277.5150000088615,False
0.698000003467314,0.6189999985508621,False
2537.4919999885606,2537.555999995675,False
93.81000000576023,93.82999999797903,False
1672.2890000091866,1672.403000004124,False
9.076000002096407,9.101000003283843,False
2766.778000004706,2766.862000004039,False
17.441000003600493,17.459000009694137,False
1861.4200000010896,1861.5920000011101,False
42.87099999783095,42.86500001035165,False
1937.0049999997718,1937.1180000016466,False
52.056999993510544,52.066000003833324,False
1937.8279999946244,1937.9120000085095,False
14.308999991044402,14.44499999342952,False
1468.9010000001872,1468.9550000039162,False
34.486000004108064,34.524999995483086,False
2173.7859999993816,2173.919000008027,False
7.170000011683442,7.227000009152107,False
1352.893999996013,1352.9710000002524,False
14.551999993273057,14.61600000038743,False
2214.222999988124,2214.3360000045504,False
17.18799999798648,17.177000001538545,False
2241.531000006944,2241.6289999964647,False
13.387999992119148,13.530999989598058,False
2639.397999999346,2639.4860000000335,False
6.554999999934807,6.568999990122393,False
1673.9680000027874,1674.087999999756,False
84.23499998752959,84.24999999988358,False
1566.4749999996275,1566.6029999993043,False
6.306000010226853,6.296000006841496,False
1662.8029999992577,1662.8860000055283,False
38.57600000628736,38.58199999376666,False
2185.1219999953173,2185.2340000041295,False
85.14100000320468,85.14399999694433,False
2547.6369999960298,2547.758000000613,False
52.37299999862444,52.35900000843685,False
2113.154000006034,2113.295000002836,False
5.644000004394911,5.654000007780269,False
2098.719000001438,2098.8439999928232,False
27.264000003924593,27.261000010184944,False
2127.0860000076937,2127.2590000007767,False
1.3760000001639128,1.3949999993201345,False
1855.5510000005597,1855.6580000004033,False
27.196999988518655,27.188000007299706,False
2728.3299999980954,2728.4360000048764,False
60.270000001764856,60.263000006671064,False
2158.3629999950062,2158.46999999485,False
5.860000004759058,5.866999999852851,False
1562.5479999871459,1562.6720000000205,False
8.591999998316169,8.591999998316169,False
2581.5879999863682,2581.7190000088885,False
6.580000001122244,6.633999990299344,False
2685.1840000017546,2685.286999985692,False
38.40499999932945,38.40800000762101,False
1624.0910000051372,1624.1960000043036,False
8.646000002045184,8.64000000001397,False
1691.3990000030026,1691.4969999925233,False
33.566999991307966,33.581999989110045,False
2991.343000001507,2991.4430000062566,False
6.566999989445321,6.573999999091029,False
1884.143999996013,1884.275999997044,False
1.1329999979352579,1.1070000036852434,False
1883.5200000030454,1883.6000000010245,False
85.44299998902716,85.43400000780821,False
1956.7840000090655,1956.8789999902947,False
7.945999997900799,7.9519999999320135,False
2253.9749999996275,2254.0739999967627,False
18.427000002702698,18.406000002869405,False
1992.9209999972954,1993.030000012368,False
35.37499999220017,35.38000000116881,False
1680.2139999927022,1680.3299999883166,False
5.942999996477738,5.947999990894459,False
2090.3420000104234,2090.4440000012983,False
4.075000004377216,4.094999996596016,False
2133.438999997452,2133.5499999986496,False
49.813000005087815,49.837999991723336,False
1880.4010000021663,1880.5100000026869,False
34.759000001940876,34.761999995680526,False
2054.352999999537,2054.4479999953182,False
6.066000001737848,6.074999997508712,False
2123.8650000013877,2124.035000000731,False
4.581000001053326,4.581000001053326,False
1713.224999999511,1713.3709999907296,False
9.787999995751306,9.829000002355315,False
1861.9899999903282,1862.1280000079423,False
10.054999991552904,10.056999992229976,False
2484.2619999981252,2484.427000003052,False
31.072999991010875,31.06399999524001,False
2628.9689999975963,2629.0850000077626,False
5.044999998062849,5.026999991969205,False
1857.8589999960968,1857.9619999945862,False
8.79099998564925,8.793999993940815,False
2682.829999990645,2682.9299999953946,False
58.233000003383495,58.22000000625849,False
2061.7390000115847,2061.8609999946784,False
4.4360000028973445,4.442999997991137,False
1957.2880000050645,1957.3810000001686,False
3.337000001920387,3.333000000566244,False
1654.2219999973895,1654.3300000048475,False
9.86600000760518,9.854000003542751,False
2365.627000006498,2365.7549999916228,False
1.4099999971222132,1.4859999937471002,False
2113.158000007388,2113.272999995388,False
8.0080000043381,8.02000000840053,False
2521.563000002061,2521.689000001061,False
103.0999999929918,103.04300001007505,False
2223.5359999904176,2223.658000002615,False
3.5109999880660325,3.508000008878298,False
1759.7229999955744,1759.8789999901783,False
3.188999995472841,3.165000001899898,False
2771.194999993895,2771.3050000020303,False
37.07000000576954,37.11499999917578,False
1808.6489999986952,1808.7519999971846,False
6.345000001601875,6.338000006508082,False
2568.849000002956,2568.9560000027996,False
8.321999994223006,8.319000000483356,False
2234.88799999177,2234.9820000090403,False
57.5890000036452,57.38099999143742,False
1939.0069999935804,1939.1000000032363,False
17.72499999788124,17.69800001056865,False
1227.9669999988982,1228.0759999994189,False
1.401000001351349,1.4290000108303502,False
2020.9360000008019,2021.0150000057183,False
27.16800000052899,27.159000004758127,False
2161.4540000009583,2161.5619999938644,False
9.067000006325543,9.06599999871105,False
2060.851999995066,2060.961999988649,False
9.236999991117045,9.234999990439974,False
2477.617000011378,2477.72100000293,False
41.524000000208616,41.507999994792044,False
2259.44699998945,2259.4909999897936,False
7.157000000006519,7.157999993069097,False
2178.5930000041844,2178.744999997434,False
6.8710000050487,6.810000006225891,False
2182.3369999910938,2182.4589999887394,False
8.79700000223238,8.785000012721866,False
2037.131999997655,2037.2869999991963,False
4.602000000886619,4.604000001563691,False
1953.682999999728,1953.8089999987278,False
3.979999994044192,4.016000006231479,False
2346.7620000010356,2346.8809999903897,False
5.730999997467734,5.757000006269664,False
1980.7419999997364,1980.8540000085486,False
8.934999990742654,8.931000003940426,False
2408.316000000923,2408.4790000051726,False
5.621999996947125,5.658000009134412,False
2435.4249999887543,2435.5369999975665,False
58.82700000074692,58.81200000294484,False
2145.6400000024587,2145.778000005521,False
2.8049999964423478,2.798000001348555,False
2224.731000009342,2224.8379999946337,False
2.5929999974323437,2.6110000035259873,False
2725.7810000010068,2725.9309999935795,False
44.93600000569131,44.68999999517109,False
2187.9879999905825,2188.1159999902593,False
9.084999997867271,9.120999995502643,False
2000.413000001572,2000.5499999970198,False
16.717999998945743,16.69699999911245,False
2497.9590000002645,2498.082999998587,False
14.067000010982156,14.079999993555248,False
1874.4390000065323,1874.5460000063758,False
1.3259999977890402,1.396000006934628,False
1272.3869999899762,1272.5659999996424,False
3.716000006534159,3.7280000105965883,False
2431.635000000824,2431.760999999824,False
53.54399999487214,53.53599999216385,False
1738.4350000065751,1738.5779999895021,False
16.845999998622574,16.855000008945353,False
2004.386999993585,2004.4769999949494,False
6.524999989778735,6.510000006528571,False
1974.0030000102706,1974.1360000043642,False
17.380999997840263,17.378000004100613,False
2388.6939999938477,2388.8179999921704,False
3.0229999974835664,3.0120000010356307,False
1295.8010000002105,1295.9070000069914,False
8.090000002994202,8.046999995713122,False
1591.0629999998491,1591.1720000003697,False
20.605000012437813,20.617999995010905,False
1880.6619999959366,1880.7879999949364,False
11.876000004122034,11.884999999892898,False
1944.9440000025788,1945.0369999976829,False
1.2540000025182962,1.22900000133086,False
2085.2630000008503,2085.370000000694,False
45.257999998284504,45.26400000031572,False
2255.401999995229,2255.5149999971036,False
23.511000006692484,23.559000008390285,False
1963.2149999961257,1963.27900000324,False
4.623000000719912,4.629000002751127,False
2315.977999998722,2316.1179999879096,False
52.49099999491591,52.46600000828039,False
1788.881999993464,1788.9960000029532,False
7.255000004079193,7.2459999937564135,False
1551.1629999964498,1551.249000011012,False
4.646000001230277,4.635000004782341,False
1608.2549999991897,1608.408000000054,False
31.525999991572462,31.50399999867659,False
1976.6689999960363,1976.7739999952028,False
50.57799999485724,50.633999999263324,False
2181.4440000016475,2181.5910000004806,False
1.9730000058189034,1.9690000044647604,False
2927.0200000028126,2927.1610000141663,False
4.1640000126790255,4.176000002189539,False
1500.6679999933112,1500.7670000049984,False
8.93700000597164,8.952000003773719,False
2206.8990000116173,2206.9659999979194,False
62.42400000337511,62.43400000676047,False
2000.2869999880204,2000.4409999964992,False
76.11500000348315,76.13699999637902,False
1758.2949999923585,1758.426000000327,False
16.482999999425374,16.606999997748062,False
2018.8099999941187,2018.9029999892227,False
11.55799999833107,11.576999997487292,False
1832.4350000038976,1832.5699999986682,False
38.07700000470504,38.06399999302812,False
2211.32599998964,2211.439999999129,False
24.699999994481914,24.73999999347143,False
1309.3039999948815,1309.4419999979436,False
8.677999998326413,8.702000006451271,False
2324.53600000008,2324.680999998236,False
42.38199999963399,42.4289999937173,False
1773.256999993464,1773.3819999994012,False
1.0389999952167273,1.021999996737577,False
2082.1989999967627,2082.311000005575,False
36.970999994082376,36.97600000305101,False
2670.321999990847,2670.4899999895133,False
45.14099999505561,45.14299999573268,False
1583.0640000058338,1583.176000000094,False
2.087000000756234,2.0929999882355332,False
2392.3050000012154,2392.3780000041006,False
4.178000002866611,4.179999988991767,False
1773.4490000002552,1773.549000005005,False
66.18999999773223,66.13900000229478,False
1971.374000000651,1971.5020000003278,False
4.578000007313676,4.5879999961471185,False
2226.2139999947976,2226.334000006318,False
18.297999995411374,18.31800000218209,False
2149.3289999925764,2149.4320000056177,False
92.2149999969406,92.21400000387803,False
1778.5060000023805,1778.6219999979949,False
40.638000005856156,40.6760000041686,False
1798.3239999884972,1798.412999996799,False
1.4819999923929572,1.4549999905284494,False
2423.785000006319,2423.9090000046417,False
67.12799999513663,67.15700001223013,False
1864.1019999922719,1864.2149999941466,False
9.500999993178993,9.50300000840798,False
1964.3740000028629,1964.5049999962794,False
11.727999997674488,11.733999999705702,False
2249.91100000625,2249.993000004906,False
53.09299999498762,53.09299999498762,False
2439.2570000054548,2439.3489999929443,False
6.39900000533089,6.437999996705912,False
1766.392999998061,1766.5070000075502,False
7.80799999483861,7.786999995005317,False
2453.58300000953,2453.6860000080196,False
26.461000001290813,26.46199999435339,False
2376.9219999958295,2376.983999987715,False
7.219999999506399,7.212999989860691,False
1518.54099999764,1518.6640000029001,False
6.905000002007,6.904000008944422,False
2119.7419999953127,2119.8440000007395,False
5.930999992415309,5.917000002227724,False
1752.2840000019642,1752.3780000046827,False
5.676999993738718,5.683999988832511,False
1845.870000004652,1845.9730000031414,False
29.865000004065223,29.905000003054738,False
1552.1710000029998,1552.3079999984475,False
45.891999994637445,45.9160000027623,False
1720.3219999937573,1720.4409999976633,False
12.145000000600703,12.163999999756925,False
1645.3630000032717,1645.4629999934696,False
6.186999991768971,6.190999993123114,False
1915.9210000070743,1916.0310000006575,False
108.75400000077207,108.78200001025107,False
1558.229999995092,1558.3350000088103,False
52.61199999949895,52.62800000491552,False
1680.716000002576,1680.859000000055,False
5.887999999686144,5.871000001206994,False
2120.954999991227,2121.079999997164,False
63.30999999772757,63.30100000195671,False
2065.679999999702,2065.820999996504,False
1.161000007414259,1.1860000086016953,False
1413.860000000568,1413.94900000887,False
5.5130000109784305,5.512999996426515,False
2447.060999998939,2447.1840000041993,False
527.3880000022473,527.4550000031013,False
1770.15900000697,1770.2730000019073,False
0.6619999912800267,0.6690000009257346,False
1933.3909999986645,1933.5339999961434,False
6.4719999936642125,6.489000006695278,False
2274.080999995931,2274.2070000094827,False
38.15999999642372,38.15899998880923,False
1843.2940000056988,1843.3900000090944,False
7.254000011016615,7.243999993079342,False
1889.8100000078557,1889.9160000000848,False
32.19600000011269,32.20099999452941,False
2230.7009999931324,2230.827000006684,False
86.33299999928568,86.35300000605639,False
1993.0210000020452,1993.172999995295,False
4.453000001376495,4.445999991730787,False
2040.4420000122627,2040.5630000022938,False
0.9560000034980476,0.9140000038314611,False
2060.563999999431,2060.5190000060247,False
68.7399999878835,68.74000000243541,False
1650.5979999928968,1650.7049999927403,False
5.472999997437,5.485000001499429,False
2025.617000006605,2025.7200000050943,False
3.998999993200414,3.9970000070752576,False
2341.543000002275,2341.6400000132853,False
158.00500000477768,158.0169999942882,False
1855.7129999971949,1855.8500000071945,False
6.601000000955537,6.584999995538965,False
1950.4919999890262,1950.6000000110362,False
33.605000004172325,33.60400001110975,False
2840.2619999978924,2840.565999998944,False
37.68599999602884,37.691999998060055,False
2122.3639999952866,2122.480000005453,False
8.319999993545935,8.319000000483356,False
1811.3409999932628,1811.409999994794,False
28.06100000452716,28.04699999978766,False
1555.091000001994,1555.2630000020145,False
27.552999992622063,27.61399999144487,False
2110.488999998779,2110.602000000654,False
55.26999999710824,55.29299999761861,False
2213.263999990886,2213.371999998344,False
18.011000007390976,18.135000005713664,False
1886.8000000074971,1886.926000006497,False
100.74799999711104,100.75999998662155,False
2083.6080000008224,2083.7199999950826,False
13.953999994555488,13.953999994555488,False
1909.5299999898998,1909.6750000026077,False
6.1989999958314,6.229000005987473,False
2501.615999994101,2501.70700000308,False
36.94799999357201,36.349000001791865,False
1836.622000002535,1836.1000000004424,False
14.199999990523793,14.228000000002794,False
2201.587000003201,2201.690999994753,False
13.211999990744516,13.592000002972782,False
2536.8429999944055,2536.9749999954365,False
39.32799999893177,39.114999992307276,False
2185.64399999741,2185.77800001367,False
1.7609999922569841,1.8569999956525862,False
1699.9270000087563,1700.0269999989541,False
40.41000000142958,40.44100000464823,False
1773.9899999869522,1774.1019999957643,False
45.02099999808706,45.059999989462085,False
1910.5100000015227,1910.6599999940954,False
5.7820000074571,5.780000006780028,False
1305.928000001586,1306.0310000000754,False
5.023999998229556,5.040000003646128,False
1782.054999988759,1782.1850000036648,False
76.85499999206513,76.85199999832548,False
1960.8659999939846,1960.9889999992447,False
5.144999988260679,5.126000003656372,False
1785.5120000021998,1785.6029999966267,False
8.170000000973232,8.172000001650304,False
2291.2449999857927,2291.356999994605,False
112.03999999270309,112.07699999795295,False
1594.6459999977378,1594.7719999967376,False
7.873000009567477,7.866999992984347,False
2310.4009999951813,2310.505000001285,False
0.9160000045085326,0.8910000033210963,False
2295.593999995617,2295.6879999983357,False
22.943000003579073,22.951999999349937,False
2037.4529999971855,2037.5679999997374,False
34.244999988004565,34.2440000094939,False
2105.1539999898523,2105.2490000001853,False
5.623000004561618,5.627999998978339,False
1433.510999995633,1433.615000001737,False
43.75300000538118,43.74900000402704,False
1659.287000002223,1659.404000005452,False
7.36499999766238,7.3779999947873875,False
1770.369000005303,1770.4870000015944,False
5.971000005956739,5.915000001550652,False
2293.9579999947455,2294.075999991037,False
100.86299999966286,100.87799999746494,False
1530.0100000022212,1530.1049999980023,False
2.358999990974553,2.35499998962041,False
1729.1669999976875,1729.284999993979,False
4.075000004377216,4.068999987794086,False
2280.564000000595,2280.680999989272,False
4.957999990438111,4.960999998729676,False
1804.5259999926202,1804.6590000012657,False
6.8389999942155555,6.844000003184192,False
1873.0760000034934,1873.1879999977536,False
11.408999998820946,11.400000003050081,False
2334.6590000001015,2334.789999993518,False
36.41899999638554,36.42699999909382,False
1913.620000006631,1913.6909999942873,False
34.18499999679625,34.20699998969212,False
1620.177999997395,1620.2829999965616,False
3.935000000637956,3.919000009773299,False
2272.488999995403,2272.620999996434,False
49.30699999385979,49.295000004349276,False
2544.4830000051297,2544.597000000067,False
6.863000002340414,6.86800001130905,False
1771.640999999363,1771.7240000056336,False
4.140000004554167,4.172000000835396,False
2696.64599999669,2696.7569999978878,False
62.50900001032278,62.544999993406236,False
2144.9460000003455,2145.0590000022203,False
1.6309999919030815,1.692000005277805,False
1738.7299999973038,1738.924000004772,False
53.01499999768566,53.06600000767503,False
1684.9389999988489,1685.0569999951404,False
33.823000005213544,33.86400001181755,False
1888.8950000109617,1889.0030000038678,False
7.090999992215075,7.136000000173226,False
1918.6110000009649,1918.6619999964023,False
8.536000008461997,8.551999999326654,False
2738.884999998845,2739.006000003428,False
58.92000001040287,58.930999992298894,False
2177.1149999985937,2177.225000006729,False
14.709000010043383,14.718999998876825,False
1681.5040000074077,1681.6059999982826,False
10.850999999092892,10.87500000721775,False
2746.9810000038706,2747.086000003037,False
43.747999996412545,43.757000006735325,False
2251.270000007935,2251.355999993393,False
33.86200001114048,33.88299999642186,False
1811.2590000091586,1811.3589999993565,False
0.7700000132899731,0.7340000011026859,False
2102.3560000030557,2102.465999996639,False
57.08300000696909,57.12800000037532,False
1780.6279999931576,1780.7770000072196,False
8.21400000131689,8.272999999462627,False
1507.3580000025686,1507.4860000022454,False
7.140999994589947,7.157000000006519,False
2413.323999993736,2413.4290000074543,False
91.06599999358878,91.09299999545328,False
1796.4070000016363,1796.5269999986049,False
13.97299999371171,14.162999999825843,False
1829.7009999951115,1829.79499999783,False
8.28800001181662,8.289999997941777,False
1507.3340000089956,1507.430999990902,False
40.464999998221174,40.4290000005858,False
1566.2009999941802,1566.305000000284,False
32.54699999524746,32.56099999998696,False
2055.331000010483,2055.449999999837,False
7.341999997152016,7.347000006120652,False
2595.1309999945806,2595.2589999942575,False
6.5630000026430935,6.5630000026430935,False
1464.0800000051968,1464.1979999869363,False
5.417000007582828,5.418999993707985,False
1984.3589999945834,1984.4279999961145,False
4.318999999668449,4.318999999668449,False
2214.4939999998314,2214.6019999927375,False
95.26099999493454,95.26800000458024,False
1931.8119999952614,1931.9200000027195,False
65.45900000492111,65.54700000560842,False
2065.4000000067754,2065.4820000054315,False
7.560999991255812,7.574000002932735,False
1852.1659999969415,1852.270999996108,False
28.314999988651834,28.318999990005977,False
2007.410999998683,2007.500000006985,False
12.333000006037764,12.338999993517064,False
1908.9729999977862,1909.0799999976298,False
9.038000003783964,9.055999995325692,False
2790.775000001304,2790.886999995564,False
56.56099999032449,56.59699998795986,False
1868.625000002794,1868.7020000070333,False
1.0400000028312206,1.0279999987687916,False
1781.7470000009052,1781.845000004978,False
5.757999999332242,5.774999997811392,False
2215.2899999928195,2215.3939999989234,False
33.23600000294391,33.228000000235625,False
1936.4980000100331,1936.6099999897415,False
8.497999995597638,8.499000003212132,False
2050.1360000052955,2050.2220000053057,False
6.377999990945682,39.93399998580571,False
2127.801999988151,2127.9150000045775,False
39.27099998691119,39.271999994525686,False
2498.3899999933783,2498.4870000043884,False
7.281999991391785,7.27099999494385,False
2481.847999995807,2481.9469999929424,False
6.737999996403232,6.7420000123092905,False
2395.470999996178,2395.5600000044797,False
148.13400000275578,148.1179999973392,False
1719.3689999985509,1719.4750000053318,False
5.332000000635162,5.344999997760169,False
1815.0129999994533,1815.141000013682,False
0.7650000043213367,0.6250000005820766,False
2224.7150000039255,2224.8149999941234,False
61.37199999648146,61.37299998954404,False
1910.8739999937825,1910.994000005303,False
17.91199999570381,17.909999995026737,False
1848.1549999996787,1848.2340000045951,False
4.34700000914745,4.3500000028871,False
2277.57500000007,2277.701999992132,False
48.19899999711197,48.21200000878889,False
1473.639000003459,1473.7390000082087,False
6.634999997913837,6.638000006205402,False
2338.1289999961155,2338.2200000050943,False
6.640999999945052,6.651999996392988,False
1880.5739999952493,1880.6770000082906,False
86.32799999031704,86.33700000063982,False
1142.1340000088094,1142.2440000023926,False
8.675000004586764,8.682999992743134,False
2033.223000005819,2033.305000004475,False
5.420999994385056,5.420000001322478,False
1854.1200000036042,1854.2369999922812,False
6.282999995164573,6.308000010903925,False
2200.5800000042655,2200.680999987526,False
5.390999998780899,5.388000005041249,False
2063.985999993747,2064.0909999929136,False
7.755999991786666,7.750000004307367,False
2203.03600000625,2203.141999998479,False
57.66899998707231,57.69299999519717,False
1769.2079999978887,1769.3660000077216,False
6.213000000570901,6.21599999431055,False
2091.5299999905983,2091.627999994671,False
5.892000001040287,5.890999993425794,False
2031.514000002062,2031.62200000952,False
107.22299999906681,107.20900000887923,False
1548.1920000020182,1548.292000006768,False
36.837999999988824,36.83599999931175,False
1833.7370000081137,1833.8409999996657,False
4.885999995167367,4.897999999229796,False
2468.5429999954067,2468.646000008448,False
49.629999994067475,49.66200000490062,False
2315.383000008296,2315.5300000071293,False
0.9770000033313408,0.9469999931752682,False
2029.4160000048578,2029.5210000040242,False
19.224000003305264,19.23999999416992,False
2534.5260000030976,2534.6469999931287,False
33.97899999981746,33.96999998949468,False
2530.1970000000438,2530.302999992273,False
9.950000006938353,9.97500000812579,False
1689.8759999894537,1689.9730000004638,False
8.113000003504567,8.104000007733703,False
1702.0740000007208,1702.2060000017518,False
16.086000003269874,16.107000003103167,False
1852.1790000086185,1852.3049999930663,False
19.165999998222105,19.19099999940954,False
2116.946000009193,2117.061000011745,False
9.153999999398366,9.167000011075288,False
2002.173999993829,2002.2830000089016,False
47.006000007968396,47.011999995447695,False
1732.8310000011697,1732.9489999974612,False
9.718999994220212,9.719000008772127,False
2316.6249999922,2316.7060000123456,False
1.3080000062473118,1.3509999989764765,False
2247.963999994681,2248.078999997233,False
51.55899999954272,51.55799999192823,False
1884.5240000082413,1884.6279999997932,False
5.944000004092231,5.958000008831732,False
2238.467999995919,2238.5510000021895,False
5.459000007249415,5.460999993374571,False
2157.1160000021337,2157.2310000046855,False
50.541999997221865,50.56200000399258,False
1269.18800000567,1269.2780000070343,False
7.373000000370666,7.375000001047738,False
2205.898000000161,2205.9880000015255,False
6.213000000570901,6.194999994477257,False
1997.1729999961099,1997.2799999959534,False
30.878000005031936,30.903000006219372,False
1791.5050000010524,1791.6109999932814,False
3.9249999972525984,3.9289999986067414,False
1869.5050000096671,1869.593999988865,False
4.902000000583939,4.902000000583939,False
2674.51899999287,2674.64199999813,False
5.27900000452064,5.316999988281168,False
1750.0609999988228,1750.1289999927394,False
5.6899999908637255,5.679999987478368,False
1707.788999992772,1707.8639999963343,False
8.30600000335835,8.327000003191642,False
2138.0470000003697,2138.1620000029216,False
112.64699998719152,112.64299998583738,False
2151.205000001937,2151.324000005843,False
33.0029999895487,33.02099999564234,False
2165.847999989637,2165.94299999997,False
10.027999989688396,10.034999999334104,False
2154.64300000167,2154.752999995253,False
14.951999997720122,14.943000001949258,False
1871.807000003173,1871.9140000030166,False
6.030000004102476,6.0400000074878335,False
2217.5120000028983,2217.6239999971585,False
4.711000001407228,4.692000002251007,False
1726.2849999970058,1726.3890000031097,False
52.46100001386367,52.45600000489503,False
1815.056999999797,1815.136999997776,False
0.7650000043213367,0.6839999987278134,False
2042.7169999893522,2042.8180000017164,False
7.204000008641742,7.198999999673106,False
2429.1879999946104,2429.3430000107037,False
14.957999999751337,14.978000006522052,False
1178.5500000114553,1178.6580000043614,False
5.627999998978339,5.627000005915761,False
1374.1399999998976,1374.2480000073556,False
6.416000003810041,6.426000007195398,False
2404.324999995879,2404.4339999963995,False
18.549000000348315,18.55500000237953,False
2328.7120000022696,2328.816999986884,False
9.758999993209727,9.768999996595085,False
1967.5100000022212,1967.62700000545,False
7.570000001578592,7.570000001578592,False
2294.016999992891,2294.122999999672,False
14.830000000074506,14.840000003459863,False
1905.1830000098562,1905.2989999909187,False
5.034000001614913,5.0309999933233485,False
1986.335000008694,1986.4079999970272,False
1.1269999959040433,1.101000001654029,False
2168.1190000090282,2168.2179999916116,False
17.10300000559073,17.1190000110073,False
2244.4910000049276,2244.5860000007087,False
6.244000003789552,6.277000007685274,False
2140.4940000065835,2140.582000007271,False
23.600999993504956,23.59299999079667,False
2991.5040000050794,2991.6309999971418,False
72.01600000553299,72.0220000075642,False
1403.3670000062557,1403.4590000082972,False
4.531999991741031,4.539000001386739,False
1378.7679999950342,1378.8599999970756,False
3.6309999995864928,3.6370000016177073,False
2052.7709999878425,2052.874000000884,False
85.35300000221469,85.37999998952728,False
1766.3029999966966,1766.4110000041546,False
8.544999989680946,8.556999993743375,False
2078.917000006186,2079.0089999936754,False
10.632999998051673,10.652999990270473,False
2396.6479999944568,2396.74300000479,False
4.7469999990426,4.74999999278225,False
2022.988999990048,2023.0949999968288,False
4.95000000228174,4.960999998729676,False
1458.1150000012713,1458.147999990615,False
5.556000003707595,5.55900001199916,False
2000.5380000075093,2000.6849999917904,False
14.477999997325242,14.503999991575256,False
1459.59299999231,1459.6959999907995,False
5.40200000978075,5.410999990999699,False
2029.3319999909727,2029.4379999977536,False
9.212000004481524,9.231999996700324,False
2563.93200000457,2564.0699999930803,False
103.91199999139644,103.94799998903181,False
1503.4109999978682,1503.591000000597,False
47.55099999601953,47.55200000363402,False
1153.3659999986412,1153.470000004745,False
5.179999992833473,5.1949999906355515,False
2455.5600000021514,2455.660000006901,False
71.81900000432506,71.82100000500213,False
958.6360000103014,958.7529999989783,False
1.0400000028312206,1.0550000006332994,False
1756.8999999930384,1757.022000005236,False
10.248000005958602,10.269000005791895,False
2184.0660000016214,2184.202999997069,False
23.030999989714473,23.023000001558103,False
1429.3440000037663,1429.478999998537,False
10.116999997990206,10.127000001375563,False
1599.9969999975292,1600.0950000016019,False
15.807000003405847,15.878000005614012,False
2083.2490000029793,2083.389999999781,False
24.762000000919215,24.7360000066692,False
1842.7349999983562,1842.833000002429,False
37.82899999350775,37.84499999892432,False
1592.5940000015544,1592.7380000066478,False
5.6290000065928325,5.701999994926155,False
2189.5430000004126,2189.6730000007665,False
529.6780000062427,529.7580000042217,False
1654.1120000038063,1654.222999990452,False
906.4560000115307,906.5730000002077,False
1363.167000003159,1363.2240000006277,False
1029.434999989462,1029.4279999943683,False
1357.2859999985667,1357.3900000046706,False
437.7890000032494,437.8199999919161,False
1543.1689999968512,1543.2770000043092,False
1207.8469999978552,1207.9269999958342,False
753.1770000059623,753.2349999964936,False
1643.2300000014948,1643.3760000072652,False
232.70599999523256,232.8200000047218,False
1459.338000000571,1459.456999989925,False
558.33800000255,558.4169999929145,False
1522.6009999896633,1522.71400000609,False
263.4129999933066,263.4890000044834,False
1606.5939999971306,1606.697000010172,False
381.0759999905713,381.1799999966752,False
1429.3670000042766,1429.4260000024224,False
840.2490000007674,840.3390000021318,False
1094.9069999915082,1095.0120000052266,False
462.6739999948768,462.7409999957308,False
1377.0280000026105,1377.1360000100685,False
837.8590000065742,837.9679999925429,False
1701.402999999118,1701.469999999972,False
203.08500000101048,203.1869999918854,False
2357.688000003691,2357.79399999592,False
13.34099999803584,13.330000001587905,False
2235.0310000038007,2235.132000001613,False
21.657000004779547,21.54399998835288,False
2137.1280000021216,2137.1970000036526,False
4.864999995334074,4.869999989750795,False
2140.758999987156,2140.861000007135,False
44.39599999750499,44.42399999243207,False
2069.843999997829,2069.9400000012247,False
48.24600000574719,48.286999997799285,False
2478.275000001304,2478.344000002835,False
9.414999993168749,9.445000003324822,False
1342.4640000012005,1342.5820000120439,False
53.33099998824764,53.30500000854954,False
1759.3250000063563,1759.4499999977415,False
1065.8629999961704,1065.9839999862015,False
1155.42799999821,1155.5150000058347,False
759.8289999878034,759.9819999886677,False
1749.1310000041267,1749.2280000005849,False
293.85599998931866,293.9369999949122,False
1359.7049999953015,1359.8289999936242,False
1386.021999991499,1386.131999999634,False
91.47500000835862,91.49999999499414,False
1654.158000004827,1654.2829999962123,False
622.921000001952,623.0210000067018,False
1144.6369999903254,1144.6710000018356,False
636.1639999959152,636.2649999937275,False
1201.6359999979613,1201.748999999836,False
1088.9720000122907,1089.1190000111237,False
360.6359999976121,360.73600000236183,False
2058.8649999990594,2058.995000013965,False
542.7479999925708,542.8260000044247,False
1911.5009999950416,1911.6030000004685,False
30.782000001636334,30.78800000366755,False
1885.6720000039786,1885.8020000043325,False
4.9189999990630895,4.925999994156882,False
2518.8970000017434,2519.1020000056596,False
15.094999995199032,15.10999999300111,False
1706.5330000041286,1706.5670000010869,False
4.932000010740012,4.933999996865168,False
1997.0560000074329,1997.1369999984745,False
8.381999999983236,8.396000004722737,False
1994.115999987116,1994.258999999147,False
9.55200000316836,9.606999999959953,False
2045.856000011554,2045.9669999981998,False
6.78800001333002,6.792000000132248,False
1691.2960000045132,1691.4879999967525,False
9.914000009302981,9.846000000834465,False
2631.997999997111,2632.095000008121,False
79.73399999900721,79.69300000695512,False
1511.2030000018422,1511.287999994238,False
15.227000010781921,15.318999998271465,False
2461.4330000040354,2461.483999999473,False
11.912999994819984,11.929000000236556,False
2389.439999999013,2389.666999995825,False
132.80600000871345,132.85199999518227,False
1545.1730000058888,1545.282999999472,False
11.484000002383254,11.513000004924834,False
1777.581000002101,1777.715000003809,False
4.372000010334887,4.363000000012107,False
2085.858999998891,2086.0819999943487,False
46.254999993834645,46.30400000314694,False
1412.032000007457,1412.14499999478,False
694.0290000056848,694.1870000009658,False
424.2470000026515,424.30400000012014,False
1583.9089999935823,1584.006999997655,False
461.2639999977546,461.36200000182725,False
1562.8230000002077,1562.98699999752,False
11.998999994830228,12.03199999872595,False
2140.771999998833,2140.8959999971557,False
61.68499999330379,61.69500001124106,False
2214.267999996082,2214.384999999311,False
138.7200000026496,138.81099999707658,False
1467.0999999943888,1467.1919999964302,False
578.259000001708,578.3419999934267,False
2265.654999995604,2265.761000002385,False
46.03800000040792,46.37300000467803,False
2376.4940000110073,2376.6230000037467,False
0.8119999984046444,0.7639999967068434,False
1817.5179999961983,1817.7209999994375,False
9.395999994012527,9.40900000568945,False
2220.6180000066524,2220.7179999968503,False
75.3229999972973,75.32499999797437,False
1681.88000000373,1681.9930000056047,False
7.001000005402602,6.999999997788109,False
2107.711000004201,2107.786999986274,False
12.25200000044424,12.245999998413026,False
1918.9110000006622,1919.0890000027139,False
71.02899999881629,71.03799999458715,False
1555.796000000555,1555.9559999965131,False
218.65199999592733,218.7229999981355,False
1547.311999995145,1547.4170000088634,False
1093.2099999918137,1093.3050000021467,False
1485.0420000002487,1485.1519999938319,False
175.83100000047125,175.931000005221,False
1733.024999994086,1733.1300000078045,False
672.6579999958631,672.7740000060294,False
993.2390000030864,993.3509999973467,False
757.618999996339,757.6630000112345,False
1447.876999998698,1448.0029999976978,False
475.311000001966,475.3939999936847,False
1553.68900000758,1553.807999996934,False
282.25500001281034,282.3869999992894,False
1601.2049999990268,1601.3010000024224,False
906.9410000083735,907.0490000012796,False
1917.5539999996545,1917.7480000071228,False
383.16800000029616,383.2410000031814,False
1620.6830000010086,1620.8689999912167,False
750.2559999993537,750.3629999991972,False
1068.1809999950929,1068.2680000027176,False
984.8469999997178,984.9819999944884,False
1435.5260000011185,1435.6609999958891,False
771.4469999918947,771.5440000029048,False
1299.39299999387,1299.2919999960577,False
1200.8249999926193,1200.9470000048168,False
846.6740000003483,846.8429999920772,False
526.1960000061663,526.3109999941662,False
2000.8800000068732,2000.9210000134772,False
6.823999996413477,6.789999999455176,False
1731.4360000018496,1731.5660000022035,False
26.501999993342906,26.486999995540828,False
2613.53699999745,2613.642999989679,False
7.314999995287508,7.444000002578832,False
1971.683000010671,1971.799999999348,False
106.03399999672547,106.02800000924617,False
2235.1809999963734,2235.2700000046752,False
11.934000009205192,11.928000007173978,False
2271.46800000628,2271.5700000117067,False
30.94500000588596,31.02500000386499,False
2285.9040000039386,2285.9930000122404,False
49.82600000221282,49.849999995785765,False
2485.2830000018002,2485.425999999279,False
2.2129999997559935,2.210999999078922,False
1630.0199999968754,1630.090000006021,False
13.647999992826954,13.753000006545335,False
2114.93199999677,2115.0290000077803,False
64.64199999754783,64.73399999958929,False
2119.076999995741,2119.1929999913555,False
1.1689999955706298,1.1929999891435727,False
2191.7519999988144,2191.8259999947622,False
5.817999990540557,5.844999992405064,False
2517.9519999946933,2518.1400000001304,False
45.471000004909,45.50199999357574,False
2286.0840000066673,2286.2480000039795,False
1.8909999926108867,1.8859999981941655,False
1620.9139999991748,1621.0279999941122,False
11.733000006643124,11.762999987695366,False
2084.092999997665,2084.2160000029253,False
131.01899999310263,131.06400000106078,False
1995.193000009749,1995.243000012124,False
13.162000002921559,13.221000001067296,False
2192.9999999993015,2193.1230000045616,False
5.621999996947125,5.6459999905200675,False
2135.720999998739,2135.8929999987595,False
55.45899999560788,55.615000004763715,False
1203.0939999967813,1203.1950000091456,False
8.099999991827644,8.094000004348345,False
2842.6649999892106,2842.8270000003977,False
1.4570000057574362,1.4970000047469512,False
2431.446999995387,2431.557999996585,False
44.724999999743886,44.72099999838974,False
1348.043999998481,1348.1579999934183,False
4.371000002720393,4.384999992907979,False
1670.103000011295,1670.207000002847,False
9.307000000262633,9.30299999890849,False
2398.828000004869,2398.9670000009937,False
53.725999998277985,53.77300000691321,False
2050.3959999914514,2050.5339999945136,False
5.445000002509914,5.400000009103678,False
1883.257000008598,1883.3559999911813,False
17.070000001695007,17.08199999120552,False
1895.833999995375,1895.9740000136662,False
57.02900000324007,57.09099999512546,False
1892.996000009589,1893.0980000004638,False
7.608999992953613,7.6880000124219805,False
2064.6059999999125,2064.7569999855477,False
5.7850000011967495,5.797999998321757,False
1420.748000004096,1420.8589999907417,False
5.688999997801147,5.666999990353361,False
1169.5480000053067,1169.6559999982128,False
5.143000002135523,5.164999995031394,False
1838.036999994074,1838.0890000116779,False
2.3570000048493966,2.3459999938495457,False
2146.6760000039358,2146.796999993967,False
80.82099999592174,80.85399999981746,False
1908.7670000008075,1908.900000009453,False
29.92400000221096,29.915999999502674,False
1517.933000010089,1518.037000001641,False
17.466999997850507,17.384999999194406,False
2501.209000009112,2501.302000004216,False
59.423999991849996,59.45400000200607,False
2169.7209999983897,2169.834999993327,False
3.4699999960139394,3.479999999399297,False
2054.1839999932563,2054.3000000034226,False
3.3980000007431954,3.455999991274439,False
2036.0679999866989,2036.1989999946672,False
58.73200000496581,58.76200000056997,False
1950.3200000035577,1950.4509999969741,False
1.1589999921852723,1.1799999920185655,False
2390.5590000067605,2390.659999990021,False
3.0980000010458753,3.0759999935980886,False
2528.9019999909215,2529.1460000007646,False
81.64200000464916,81.6800000029616,False
2188.488999992842,2188.5999999940395,False
34.677000003284775,34.7440000041388,False
2114.3969999975525,2114.592999991146,False
7.213000004412606,7.167999996454455,False
2532.640999997966,2532.785999996122,False
46.91399999137502,46.929999996791594,False
2059.0720000036526,2059.1910000075586,False
5.039999989094213,5.039999989094213,False
2420.1520000060555,2420.2729999960866,False
5.202999993343838,5.347000012989156,False
2739.822000003187,2739.9210000003222,False
64.2130000051111,64.24199999310076,False
2212.8190000075847,2212.956999996095,False
6.869999997434206,6.891000011819415,False
1363.134999992326,1363.4100000053877,False
1.4570000057574362,1.5100000018719584,False
2319.585000004736,2319.731999989017,False
30.215999999199994,30.216999992262572,False
2197.188999998616,2197.3140000045532,False
3.683000002638437,3.700000001117587,False
1597.741000005044,1597.8869999962626,False
6.806000004871748,6.831999999121763,False
1648.4679999994114,1648.6169999989215,False
60.18899999617133,60.20300000091083,False
2160.6750000064494,2160.7890000013867,False
70.92299999203533,70.95500000286847,False
2087.401000011596,2085.7359999936307,False
9.58600000012666,9.583999999449588,False
2679.4340000051307,2679.522000005818,False
93.68599999288563,93.71699999610428,False
1863.6360000091372,1863.7739999976475,False
56.35699999402277,56.4029999950435,False
2492.6570000097854,2492.7650000026915,False
3.7010000087320805,3.6770000006072223,False
1993.9909999957308,1994.114000000991,False
6.552999999257736,6.500999996205792,False
1573.3990000007907,1573.5159999894677,False
6.976000004215166,6.971000009798445,False
2070.416999995359,2070.4790000017965,False
4.169000007095747,4.182000004220754,False
2535.134999998263,2535.275999995065,False
105.8820000034757,105.89799999434035,False
1356.631999995443,1356.7439999897033,False
12.688999995589256,12.667000002693385,False
2128.5639999987325,2128.6899999977322,False
8.935999998357147,8.967000001575798,False
2771.7950000078417,2771.9379999907687,False
41.851000001770444,41.88900000008289,False
2049.792999998317,2049.893000003067,False
0.690999993821606,0.6710000016028062,False
2153.6330000089947,2153.7269999971613,False
4.983000006177463,4.9989999970421195,False
2299.362999998266,2299.479999986943,False
57.06500000087544,57.163999998010695,False
1685.615999987931,1685.7409999938682,False
0.26300000899937004,0.2919999969890341,False
2269.5259999891277,2269.6409999916796,False
33.44899999501649,33.44499999366235,False
2169.4060000008903,2169.5329999929527,False
59.34200000774581,59.36600000131875,False
1892.941999991308,1893.0569999938598,False
2.9860000067856163,2.997000003233552,False
1430.2310000057332,1430.42200000491,False
10.164000006625429,10.181999998167157,False
2655.824000001303,2655.956000002334,False
45.4769999923883,45.513999997638166,False
1529.9919999961276,1530.1279999985127,False
4.495000001043081,4.490999999688938,False
1853.8899999985006,1854.008000009344,False
12.084000001777895,12.128000002121553,False
2385.532999993302,2385.651999997208,False
111.82600000756793,111.92099998879712,False
2044.1260000079637,2044.2690000054426,False
3.7429999938467517,3.798999998252839,False
2177.4330000043847,2177.648999990197,False
0.16500000492669642,0.11299998732283711,False
1902.7050000004238,1902.7550000027986,False
50.7460000080755,50.74900000181515,False
2533.083999995142,2533.265999998548,False
26.738999993540347,26.77499999117572,False
1947.0379999984289,1947.1710000070743,False
5.290999994031154,5.306000006385148,False
2327.235999997356,2327.3640000115847,False
105.4020000010496,105.43499999039341,False
1726.0630000091624,1726.2120000086725,False
1.839999997173436,1.8419999978505075,False
1495.177999997395,1495.2919999923324,False
5.495999997947365,5.537000004551373,False
2342.6309999922523,2342.768000002252,False
67.24600000598002,67.31699999363627,False
1726.213000001735,1726.31499999261,False
5.118000000948086,5.1380000077188015,False
1556.7000000010012,1556.830000001355,False
3.84699999995064,3.842999998596497,False
2470.2459999971325,2470.383000007132,False
5.400000009103678,5.328999992343597,False
1628.668999997899,1628.7210000009509,False
8.693000010680407,8.67399999697227,False
2509.3309999938356,2509.4389999867417,False
31.717999998363666,31.735999989905395,False
1912.8749999945285,1913.0739999964135,False
151.41500000027008,151.42900000500958,False
1802.1019999869168,1802.1919999882812,False
17.73700000194367,17.730999999912456,False
1753.9680000045337,1754.0650000009919,False
7.846000007702969,7.861999998567626,False
2083.7119999923743,2083.831000010832,False
85.55099999648519,85.6389999971725,False
1960.7499999983702,1960.8609999995679,False
6.354999990435317,6.362000000081025,False
2083.027000000584,2083.1380000017816,False
5.434000006061979,5.43600000673905,False
2291.1040000035428,2291.2389999983134,False
15.936000010697171,15.973000001395121,False
1858.5670000029495,1858.684999999241,False
1.0339999862480909,0.9960000024875626,False
1810.8859999920242,1810.977000001003,False
17.208999997819774,17.225999996298924,False
2156.988000002457,2157.101999997394,False
69.97100000444334,69.98899999598507,False
1865.4889999888837,1865.6300000002375,False
8.944000001065433,8.93999999971129,False
2047.0280000008643,2047.1510000061244,False
2.5400000013178214,2.5690000038594007,False
1965.7180000067456,1965.8420000050683,False
31.352000005426817,31.46800000104122,False
1214.8230000020703,1214.934000003268,False
6.775999994715676,6.796000001486391,False
1808.2950000098208,1808.392000006279,False
14.830000000074506,14.842000004136935,False
2779.7949999949196,2779.90699998918,False
109.44800000288524,109.46300000068732,False
1836.1189999995986,1836.2559999950463,False
4.455999995116144,4.454000008990988,False
1323.07800000126,1323.1910000031348,False
1.1070000036852434,1.1400000075809658,False
2012.3149999999441,2012.4030000006314,False
350.51500001281966,350.60199999134056,False
1816.5240000089398,1816.6009999986272,False
57.337999998708256,57.31699999887496,False
1878.1620000081602,1878.274999995483,False
7.886000006692484,7.878999997046776,False
2076.8319999915548,2076.994000002742,False
134.49700000637677,134.51299999724142,False
1751.6659999964759,1751.7649999936111,False
3.979000000981614,3.9620000025024638,False
1614.4769999955315,1614.6020000014687,False
6.519999995362014,6.529000005684793,False
1934.5940000057453,1934.7540000017034,False
27.2430000040913,27.334999991580844,False
1673.5920000064652,1673.7279999942984,False
29.45900001213886,29.481999998097308,False
1378.8090000016382,1378.8950000016484,False
8.096000005025417,8.140000005369075,False
2373.7309999996796,2373.8540000049397,False
7.9519999999320135,8.027000003494322,False
2074.765999990632,2074.884999994538,False
9.42300001042895,9.479000000283122,False
1086.528999992879,1086.6230000101496,False
749.3479999975534,749.4059999880847,False
1996.2110000051325,1996.3209999987157,False
176.073999988148,176.17200000677258,False
1469.2619999987073,1469.3640000041341,False
443.03899999067653,443.14699999813456,False
1401.851999995415,1401.9729999999981,False
870.6490000040503,870.8709999918938,False
1949.6499999950174,1949.7520000004442,False
350.8549999969546,350.9699999995064,False
1493.3429999946384,1493.505999998888,False
500.8159999997588,500.94800000078976,False
1841.484999997192,1841.6270000016084,False
618.9719999965746,619.0719999867724,False
1486.9929999986198,1487.0610000070883,False
1126.7119999974966,1126.8339999951422,False
994.5630000001984,994.6769999951357,False
1261.4990000001853,1261.4719999983208,False
447.5129999918863,447.58100000035483,False
847.0539999980247,847.1430000063265,False
1886.3560000027064,1886.4900000044145,False
74.63000000279862,74.66700000804849,False
1735.0189999997383,1735.2149999933317,False
381.3730000110809,381.46200000483077,False
2185.327999992296,2185.496999998577,False
9.850000002188608,9.837999998126179,False
2318.9970000094036,2319.1640000004554,False
45.74200000206474,45.76700000325218,False
2050.280000010389,2050.403000001097,False
16.586999990977347,16.581999996560626,False
1852.7260000118986,1852.8709999955026,False
45.89300000225194,95.6620000069961,False
2653.73200000613,2653.8260000088485,False
13.414999993983656,13.462999995681457,False
2032.1530000073835,2032.2849999938626,False
40.578000000095926,40.60399999434594,False
1590.635000000475,1590.730000010808,False
0.941999998758547,0.9629999985918403,False
2180.9070000017527,2180.9880000073463,False
46.958000006270595,46.95799999171868,False
1675.3660000103991,1675.4630000068573,False
5.982999995467253,5.962000010185875,False
2411.2549999990733,2411.35999999824,False
2.5120000063907355,2.466000005370006,False
1207.0649999950547,1207.209000000148,False
50.76700000790879,50.83799999556504,False
1584.4660000002477,1584.6460000029765,False
4.06999999540858,4.063999993377365,False
2208.104999997886,2208.255999998073,False
12.57499998610001,12.646000002860092,False
2009.9130000016885,2010.0339999917196,False
61.588000011397526,61.608999996678904,False
2363.9790000015637,2364.0679999953136,False
4.992000001948327,4.976999989594333,False
1302.2729999938747,1302.3680000042077,False
4.717000003438443,4.722999990917742,False
1912.7430000080494,1912.8550000023097,False
5.592000001342967,5.571999994572252,False
2062.0040000067092,2062.172999998438,False
7.226000001537614,7.224000000860542,False
2095.4340000025695,2095.5729999986943,False
8.513000007951632,8.526999998139217,False
2091.628000009223,2091.746999998577,False
37.31800000241492,37.34999999869615,False
1771.1940000008326,1771.2520000059158,False
5.514000004041009,5.542999992030673,False
1609.266999992542,1609.3819999950938,False
7.765000002109446,7.825000007869676,False
2713.9070000121137,2714.0379999909783,False
90.33599999384023,90.38999999756925,False
1632.0160000032047,1632.1059999900172,False
3.0380000098375604,3.033999993931502,False
2538.4289999929024,2538.5690000111936,False
7.431000005453825,7.391999999526888,False
2431.664000003366,2431.8009999988135,False
60.682999988785014,60.69800000113901,False
2179.002999997465,2179.169999988517,False
1.2710000009974465,1.2970000097993761,False
1749.7020000009798,1749.8000000050524,False
32.14300000399817,32.14099998876918,False
2442.3380000080215,2442.5259999989066,False
70.64999999420252,70.6720000016503,False
2215.987999996287,2216.1139999952866,False
4.6279999951366335,4.650999995646998,False
2095.7669999916106,2095.8859999955166,False
11.671000000205822,11.673999993945472,False
1482.852000001003,1482.9500000050757,False
80.52099999622442,80.57400000689086,False
2493.145000000368,2493.2630000112113,False
4.784000004292466,4.782999996677972,False
1613.5070000018459,1613.6130000086268,False
3.5930000012740493,3.6229999968782067,False
2754.9160000053234,2754.993000009563,False
13.444999989587814,13.475999992806464,False
1450.1670000026934,1450.2789999969536,False
11.650000000372529,11.664999998174608,False
1614.8949999915203,1615.0259999994887,False
1.0320000001229346,1.0320000001229346,False
2295.48000000068,2295.5649999930756,False
13.268999988213181,13.288000001921318,False
1451.852999991388,1451.987000007648,False
38.12599999946542,38.14399999100715,False
2176.631999987876,2176.728999998886,False
1.3869999966118485,1.3559999933931977,False
1688.6630000080913,1688.80899999931,False
138.38899999973364,138.45100000617094,False
2161.8560000060825,2161.934999996447,False
8.218000002671033,8.234000008087605,False
1681.4250000024913,1681.518999990658,False
7.290000008651987,7.273999988683499,False
1454.8890000005485,1455.0109999981942,False
55.4989999945974,55.508999997982755,False
1704.43399999931,1704.5530000032159,False
9.491000004345551,9.500999993178993,False
2001.693999991403,2001.7990000051213,False
4.170000000158325,4.271999991033226,False
2422.9560000094352,2423.077999992529,False
9.33400000212714,9.422999995877035,False
1924.8010000010254,1924.8749999969732,False
6.2319999997271225,6.235000008018687,False
2946.4110000117216,2946.5090000012424,False
58.204999993904494,58.2460000005085,False
2060.3249999985565,2060.4699999967124,False
80.29300000634976,80.35899999958929,False
2011.7370000079973,2011.8749999965075,False
3.9770000003045425,3.9490000053774565,False
1854.272000011406,1854.4199999887496,False
4.759999996167608,4.782999996677972,False
2216.5490000043064,2216.703999991296,False
21.13600001030136,21.09599999675993,False
2031.423000007635,2031.5610000106972,False
40.8890000107931,40.885000009438954,False
1900.5789999937406,1900.6780000054277,False
4.178000002866611,4.165000005741604,False
2010.9970000048634,2011.1049999977695,False
53.77299999236129,53.80100000184029,False
2274.104999989504,2274.2310000030557,False
0.9629999985918403,0.8830000006128103,False
1350.693999993382,1350.894999995944,False
5.835000003571622,5.842999991727993,False
2285.545999999158,2285.684999995283,False
36.722999997437,36.6609999909997,False
1615.7810000004247,1615.7700000039767,False
3.276000003097579,3.2820000051287934,False
1997.2240000060992,1997.3769999924116,False
6.582000001799315,6.611999997403473,False
2144.880000007106,2144.9810000049183,False
53.2039999961853,53.22600000363309,False
2270.464000001084,2270.604999997886,False
2.2010000102454796,2.2129999997559935,False
1848.273000010522,1848.3790000027511,False
77.87100000132341,77.92500000505242,False
2649.202000000514,2649.3090000003576,False
63.10299999313429,63.106000001425855,False
1634.9409999966156,1635.045999995782,False
6.310000011580996,6.402000013622455,False
2266.8330000014976,2266.9199999945704,False
0.9169999975711107,0.8840000082273036,False
2479.6709999936866,2479.7120000002906,False
29.097000006004237,29.097000006004237,False
2139.069000011659,2139.232000001357,False
4.982999991625547,4.9780000117607415,False
1880.7760000054259,1880.8699999935925,False
10.567000004812144,10.583999988739379,False
2533.67900000012,2533.8380000030156,False
45.719999994616956,45.70199998852331,False
2046.4840000058757,2046.6319999977713,False
48.15499999676831,48.1419999996433,False
2256.4220000058413,2256.513000000268,False
10.682000007363968,10.671000010916032,False
2312.974000000395,2313.1439999997383,False
15.355000010458753,15.482999995583668,False
1674.39299999387,1674.5050000026822,False
6.366999994497746,6.364999993820675,False
1672.907000000123,1673.000000009779,False
7.375999994110316,7.375000001047738,False
1112.2869999962859,1112.4050000071293,False
4.915999990771525,4.898999992292374,False
2229.477999993833,2229.5720000111032,False
8.60800000373274,8.604999995441176,False
2152.277999994112,2152.3900000029244,False
7.280000005266629,7.266999993589707,False
2335.3530000022147,2335.5199999932665,False
54.9650000029942,54.93600000045262,False
2337.3589999973774,2337.496000007377,False
2.0220000005792826,1.9849999953294173,False
2381.383999992977,2381.541000009747,False
41.67399999278132,41.693999999552034,False
1795.5819999915548,1795.763000001898,False
33.55199999350589,33.54299999773502,False
1949.3420000071637,1949.497000008705,False
5.447000003186986,5.446999988635071,False
2011.5870000008726,2011.698999995133,False
6.855999992694706,6.8580000079236925,False
2091.8109999911394,2091.950000001816,False
38.57900000002701,38.654999996651895,False
2015.4320000001462,2015.507999996771,False
1.101999994716607,1.0879999899771065,False
1700.5989999888698,1700.7119999907445,False
51.90200000652112,51.906000007875264,False
2339.6260000008624,2339.7680000052787,False
20.43200000480283,20.373999999719672,False
2116.720999998506,2116.781999997329,False
6.814000007580034,6.773000000976026,False
1342.594999994617,1342.9250000044703,False
51.98999999265652,52.0329999999376,False
2338.7280000024475,2338.85200000077,False
28.41699999407865,28.416000001016073,False
2222.72599999269,2222.901000001002,False
5.280000012135133,5.271999994874932,False
1856.062999999267,1856.2220000021625,False
18.34199999575503,18.399000007775612,False
2305.7709999993676,2305.8599999931175,False
65.98699999449309,66.07100000837818,False
2276.3299999933224,2276.4439999882597,False
4.983999999240041,4.973000002792105,False
2082.5259999983246,2082.7469999931054,False
1.2779999960912392,1.3199999957578257,False
2065.41599999764,2065.5450000049314,False
6.575999999768101,6.645000001299195,False
2063.70899999456,2063.8139999937266,False
8.256999994046055,8.245999997598119,False
2387.940999993589,2388.0280000012135,False
5.347999991499819,5.3189999889582396,False
2352.125999997952,2352.2530000045663,False
191.0009999992326,191.03800000448246,False
1573.3369999943534,1573.4669999947073,False
2.9540000105043873,3.065999990212731,False
2133.966000008513,2134.153000006336,False
8.849000005284324,8.841000002576038,False
2484.8070000007283,2484.945999996853,False
57.14499999885447,57.20599999767728,False
1589.4350000016857,1589.5509999973,False
7.167999996454455,7.301999998162501,False
1582.8079999919282,1582.9039999953238,False
6.475000001955777,6.5279999980703,False
2452.6370000094175,2452.76400000148,False
6.35899999178946,6.30200000887271,False
1534.7719999990659,1534.8769999982323,False
5.8969999954570085,5.901000011363067,False
2415.2739999990445,2415.398000011919,False
5.648000005749054,5.713999998988584,False
2500.0319999962812,2500.156000009156,False
47.35700000310317,47.35999999684282,False
1815.961000000243,1816.1130000080448,False
1.0150000016437843,1.0129999864147976,False
2052.084000009927,2052.2889999992913,False
60.84799999371171,60.85700000403449,False
2348.8720000023022,2349.0139999921666,False
95.33500000543427,95.40599999309052,False
1844.6980000007898,1844.863999998779,False
4.656999997678213,4.681999998865649,False
1992.3669999989215,1992.4729999911506,False
5.923000004258938,5.9049999981652945,False
2278.988999998546,2279.1090000100667,False
33.53600000264123,33.54899999976624,False
1735.2340000070399,1735.3609999991022,False
1.0309999925084412,1.029000006383285,False
1798.7040000007255,1798.8840000034543,False
9.376999994856305,9.378999995533377,False
2626.4480000099866,2626.5299999940908,False
59.05400001211092,59.04500000178814,False
2229.77799999353,2229.9349999957485,False
5.237999997916631,5.208999995375052,False
1978.5180000035325,1978.650999997626,False
8.015999992494471,8.011999991140328,False
2358.4739999932935,2358.5929999971995,False
133.84599999699276,133.87299999885727,False
1670.1610000018263,1670.2629999927012,False
9.279000005335547,9.237999998731539,False
2125.755000000936,2125.863000008394,False
2.7669999981299043,2.7750000008381903,False
2126.665999996476,2126.825999992434,False
38.335000004735775,38.40900000068359,False
2232.659999994212,2232.8319999942323,False
7.363999990047887,7.370000006631017,False
1919.473999994807,1919.5370000088587,False
35.87300000071991,35.80100000544917,False
2789.613000000827,2789.7240000020247,False
29.463999992003664,29.464999999618158,False
1617.4549999996088,1617.5550000043586,False
1.6099999920697883,1.6280000127153471,False
1858.1149999954505,1858.206999997492,False
31.40999999595806,31.430000002728775,False
2454.09899999504,2454.2599999986123,False
63.492999994196,63.50200000451878,False
2390.4440000042086,2390.5630000081146,False
50.287999998545274,50.30099999567028,False
1764.5009999978356,1764.5950000005541,False
8.075999998254701,8.086999994702637,False
2133.084000000963,2133.2170000096085,False
55.44299999019131,55.46600000525359,False
1603.9319999981672,1603.90400000324,False
6.190000000060536,6.173999994643964,False
1260.446000000229,1260.5429999966873,False
3.7539999902946874,3.707000010763295,False
2418.926999991527,2419.0440000093076,False
5.650999999488704,5.606999999145046,False
1430.8880000025965,1431.0200000036275,False
33.80999999353662,33.803000012994744,False
1982.356999986223,1982.4600000138162,False
9.99500000034459,9.987999990698881,False
2573.68800000404,2573.8229999988107,False
18.855999995139427,18.8919999927748,False
2496.213999998872,2496.3649999990594,False
30.95200000097975,30.95299999404233,False
2079.264999993029,2079.393000007258,False
3.408999997191131,3.3909999910974875,False
2812.6439999905415,2812.7779999922495,False
53.74800000572577,53.755000000819564,False
1441.6769999952521,1441.768000004231,False
9.738000007928349,9.7550000064075,False
1592.2839999984717,1592.3789999942528,False
19.993000008980744,19.988000000012107,False
2515.649000008125,2515.778999993927,False
26.035000002593733,26.06799999193754,False
2458.0319999950007,2458.1489999982296,False
0.5800000071758404,0.5279999895719811,False
1447.2870000026887,1447.3950000101468,False
3.9870000036899,3.9720000058878213,False
2914.4559999986086,2914.635000008275,False
97.88000000116881,97.87700000742916,False
2283.9620000013383,2284.0629999991506,False
1.7940000107046217,1.8240000063087791,False
1995.2909999992698,1995.3979999991134,False
5.827999993925914,5.827000000863336,False
2018.9620000019204,2019.081999998889,False
64.73399999958929,64.75000000500586,False
1478.464999992866,1478.56899999897,False
47.00099999899976,47.011999995447695,False
2050.5040000134613,2050.604000003659,False
7.702999995672144,7.7049999963492155,False
1932.5380000082077,1932.647999987239,False
45.3609999967739,45.354999994742684,False
2333.44699999725,2333.549999995739,False
4.868999996688217,4.870999997365288,False
2211.182999992161,2211.3230000104522,False
30.476999992970377,30.49499999906402,False
1398.9509999955771,1399.1249999962747,False
48.037999993539415,48.02400000335183,False
2417.369000002509,2417.465999998967,False
4.518999994616024,4.521999988355674,False
2216.8949999904726,2216.964999999618,False
5.398000008426607,5.4099999979371205,False
1901.3120000017807,1901.4330000063637,False
86.79300000949297,86.79300000949297,False
1875.8289999968838,1875.9380000119563,False
12.098000006517395,12.088999996194616,False
1721.3780000020051,1721.5389999910258,False
6.3839999929768965,6.38500000059139,False
2201.9839999993565,2202.325000005658,False
90.20500000042375,90.22800000093412,False
1730.4980000044452,1730.7239999936428,False
0.9790000040084124,0.9660000068834051,False
2040.1750000019092,2040.5400000017835,False
5.338999995728955,5.320000011124648,False
2272.7840000006836,2272.895999994944,False
4.936999990604818,4.9149999977089465,False
1854.7850000031758,1854.9039999925299,False
35.182999999960884,35.182000006898306,False
2519.2099999985658,2519.3340000114404,False
17.212999999173917,17.227999996975996,False
2219.1060000041034,2219.203999993624,False
76.7550000018673,76.73899999645073,False
1555.7980000012321,1555.912999989232,False
7.282999999006279,7.281999991391785,False
1941.2479999882635,1941.3449999992736,False
7.847000000765547,7.845000000088476,False
2690.6830000079935,2690.7849999988684,False
26.47699999215547,26.487999988603406,False
1994.751999998698,1994.9089999863645,False
8.507999998982996,8.528999998816289,False
1844.8829999979353,1845.0270000030287,False
6.882000001496635,6.894999998621643,False
2071.1779999983264,2071.3200000027427,False
92.07899999455549,94.20800000953022,False
1913.3900000015274,1913.4930000000168,False
0.0889999937498942,0.13800000306218863,False
1925.7209999923361,1925.8030000055442,False
6.2360000010812655,6.245999989914708,False
2124.9539999989793,2125.0469999940833,False
49.50000000826549,49.51399999845307,False
1547.7559999999357,1547.8869999933522,False
42.654000004404224,42.65599999052938,False
2206.644999998389,2206.7059999972116,False
39.84100000525359,39.8259999928996,False
2435.8550000033574,2435.977000001003,False
10.528999991947785,10.571999999228865,False
2217.872000008356,2217.9979999928037,False
47.007000001030974,47.01700000441633,False
1946.3880000112113,1946.4959999895655,False
70.98299999779556,70.9880000067642,False
2132.6699999917764,2132.779000006849,False
59.0550000051735,59.0749999973923,False
2081.8880000006175,2082.003999996232,False
10.807999991811812,10.850000006030314,False
2248.7419999961276,2248.8510000112,False
13.05799999681767,13.013000003411435,False
1812.62300000526,1812.7409999869997,False
77.52299999992829,77.54800000111572,False
1900.3019999945536,1900.419999990845,False
5.3740000003017485,5.346000005374663,False
1974.0009999950416,1974.0949999977602,False
6.104000000050291,6.115000011050142,False
2711.0430000029737,2711.2009999982547,False
64.61099999432918,64.62900000042282,False
2182.4869999982184,2182.60200000077,False
6.623000008403324,6.62200000078883,False
1811.27999999444,1811.370999988867,False
3.9530000067315996,3.9539999997941777,False
2124.5579999958863,2124.660000001313,False
13.784000009763986,13.79899999301415,False
2057.2399999946356,2057.3379999987083,False
28.921999997692183,28.982000003452413,False
1800.2680000063265,1800.3789999929722,False
7.7369999926304445,7.756000006338581,False
2185.7830000080867,2185.987999997451,False
