0,1,2,3
0.0,207.4739999952726,316.57199999608565,256.5539999923203
5.894000001717359,0.21099999139551073,0.155999994603917,0.0
0.0,440.1729999954114,999.7409999923548,879.1090000013355
39.86900000018068,85.73599999363068,0.0,28.115999986766838
0.0,614.3379999994067,986.7920000106096,1436.9399999995949
55.55099999764934,5.959999994956888,0.0,1.464999993913807
0.0,903.2839999999851,1680.214000007254,1293.3849999972153
2.1529999939957634,11.704999997164123,0.0,188.1779999966966
0.0,248.43999999575317,1556.851999994251,1351.3749999983702
0.0,5.204000000958331,18.144000001484528,386.18999999016523
0.0,51.25999999290798,1885.8069999987492,1083.3980000024894
0.0,6.557999993674457,408.4959999890998,393.4659999940777
0.0,61.82299999636598,1502.97899999714,729.261000000406
0.0,11.318999997456558,567.7129999967292,492.1849999955157
0.0,3.708000003825873,1753.2939999946393,885.1370000047609
0.0,31.073999998625368,286.0369999980321,278.19100000488106
0.0,6.110000002081506,1366.4569999964442,822.398999996949
0.0,4.8030000034486875,1283.6999999999534,1211.9740000052843
0.0,43.2509999955073,690.0160000077449,711.1819999990985
0.0,12.969000003067777,1406.6559999919264,1523.390999995172
0.7730000070296228,0.0,570.6130000035046,393.48400000017136
3.6180000024614856,0.0,1242.658000002848,1506.387999994331
0.0,7.757999992463738,101.28099999565165,297.36299999058247
0.0,0.42799999937415123,1517.5830000080168,2165.173000001232
0.0,20.67900000838563,21.957000004476868,69.45700000505894
0.0,5.160000000614673,1446.6800000082003,2109.494000003906
1.9489999976940453,10.862999988603406,0.0,369.7989999927813
0.0,48.02799999015406,1809.6089999889955,1840.7729999889852
1.8060000002151355,8.975999997346662,0.0,70.3629999916302
0.0,6.16200000513345,2274.8200000060024,2737.2920000052545
0.0,137.62100000167266,1.8790000031003729,7.639999996172264
0.0,11.704000004101545,1613.6680000054184,2540.9570000047097
1.4780000055907294,10.557000001426786,0.0,0.23499999952036887
0.0,18.909000005805865,1185.868999993545,2072.604999993928
0.23700000019744039,11.327999993227422,0.037999998312443495,0.0
0.0,0.8299999899463728,1586.6169999935664,2575.152999997954
37.074000007123686,39.373000006889924,0.0,11.414000007789582
0.0,10.939999992842786,661.4289999997709,1455.0650000019232
3.991999998106621,13.491000005160458,0.6240000075194985,0.0
0.0,0.5600000004051253,1463.501999998698,2277.42300000682
0.698000003467314,0.0,0.5970000056549907,0.5930000043008476
2.9749999957857653,0.0,1636.7739999986952,2537.4919999885606
16.421000007539988,93.81000000576023,0.0,19.253000005846843
0.0,7.666000004974194,571.5330000093672,1672.2890000091866
1.5620000049239025,9.076000002096407,0.0,1.3219999964348972
0.0,101.34799999650568,1455.1269999938086,2766.778000004706
0.13800000306218863,17.441000003600493,0.0,0.13800000306218863
0.0,6.4870000060182065,716.6760000109207,1861.4200000010896
42.87099999783095,19.564999995054677,37.000999989686534,0.0
0.0,4.537000000709668,949.8670000029961,1937.0049999997718
52.056999993510544,6.563999995705672,1.336999994236976,0.0
13.225000002421439,0.0,917.2580000013113,1937.8279999946244
1.3199999957578257,14.308999991044402,0.0,1.0689999908208847
0.0,4.543000002740882,786.7939999996452,1468.9010000001872
28.403000003891066,34.486000004108064,0.0,15.536000006250106
0.0,0.14200000441633165,1571.964000002481,2173.7859999993816
5.873000001884066,7.170000011683442,0.0,1.0960000072373077
0.0,38.87899999972433,1141.5679999918211,1352.893999996013
0.006999995093792677,14.551999993273057,0.5379999929573387,0.0
0.0,7.287999993423,1929.8409999901196,2214.222999988124
5.806999994092621,0.0,0.18799999088514596,17.18799999798648
3.232999995816499,0.0,1866.2230000045383,2241.531000006944
9.403999996720813,13.387999992119148,0.0,1.2079999869456515
0.0,37.050999992061406,1412.6459999970393,2639.397999999346
4.803999996511266,6.554999999934807,0.0,0.22599998919758946
0.0,2.9240000003483146,651.9020000123419,1673.9680000027874
38.20699999050703,84.23499998752959,0.0,25.89599999191705
0.0,9.678000002168119,526.5099999960512,1566.4749999996275
1.2200000055599958,6.306000010226853,3.1430000090040267,0.0
0.0,10.487000006833114,720.1930000010179,1662.8029999992577
0.9129999962169677,38.57600000628736,0.0,0.004999994416721165
0.0,3.543999991961755,1557.744999998249,2185.1219999953173
85.14100000320468,62.93000000005122,0.0,0.02200000744778663
0.0,1.2839999981224537,1493.5889999906067,2547.6369999960298
52.37299999862444,5.251000009593554,1.4250000094762072,0.0
52.00900000636466,0.0,1536.275000005844,2113.154000006034
5.644000004394911,1.4499999961117283,0.0,0.11399999493733048
0.0,3.8420000055339187,1700.7240000093589,2098.719000001438
0.0,9.321999998064712,8.709999994607642,27.264000003924593
0.0,7.224000000860542,1777.2130000084871,2127.0860000076937
1.364000010653399,0.0,1.3760000001639128,1.321000003372319
3.5100000095553696,0.0,1274.1290000121808,1855.5510000005597
5.001999990781769,13.37799998873379,0.0,27.196999988518655
31.520000004093163,0.0,2094.8829999979353,2728.3299999980954
0.0,36.6409999987809,60.270000001764856,28.48999999696389
0.0,0.23099999816622585,1189.4810000085272,2158.3629999950062
3.1759999983478338,5.860000004759058,0.0,0.11799999629147351
0.0,45.6759999942733,361.1019999952987,1562.5479999871459
1.5459999995073304,8.591999998316169,1.7789999983506277,0.0
0.0,6.270999991102144,992.166999989422,2581.5879999863682
1.0570000013103709,0.0,3.8210000057006255,6.580000001122244
0.0,2.890000003390014,31.428000002051704,2685.1840000017546
2.223999996203929,38.40499999932945,0.2479999966453761,0.0
2.9040000081295148,11.410000006435439,0.0,1624.0910000051372
3.8019999919924885,8.646000002045184,0.0,0.6529999955091625
0.025000001187436283,26.242000007187016,0.0,1691.3990000030026
14.68199999362696,0.0,33.566999991307966,0.5010000022593886
1.0880000045290217,3.284999998868443,0.0,2991.343000001507
4.367999994428828,6.566999989445321,2.4889999913284555,0.0
0.0,15.70499999797903,26.763999994727783,1884.143999996013
1.1329999979352579,0.0,1.0749999928520992,1.073999999789521
4.482000003918074,0.6199999916134402,0.0,1883.5200000030454
65.5209999968065,85.44299998902716,60.812999989138916,0.0
0.7250000053318217,0.7550000009359792,0.0,1956.7840000090655
0.8999999990919605,7.945999997900799,0.5720000044675544,0.0
17.455999986850657,0.0,35.724999994272366,2253.9749999996275
18.427000002702698,7.583999991766177,0.7369999948423356,0.0
0.0,69.34400000318419,7.2539999964646995,1992.9209999972954
0.0,27.6259999955073,24.300999997649342,35.37499999220017
0.5079999973531812,4.788999998709187,0.0,1680.2139999927022
4.5160000008763745,5.942999996477738,3.8689999928465113,0.0
47.8480000019772,11.989999999059364,0.0,2090.3420000104234
3.292000008514151,0.0,4.075000004377216,3.8040000072214752
3.5219999990658835,1.5730000013718382,0.0,2133.438999997452
16.294000000925735,10.595999992801808,0.0,49.813000005087815
19.858999992720783,0.8430000016232952,0.0,1880.4010000021663
1.680999994277954,34.759000001940876,2.489999998942949,0.0
30.36400000564754,0.0,54.69200000516139,2054.352999999537
0.20300000323913991,6.066000001737848,2.3159999982453883,0.0
0.006000002031214535,5.221999992500059,0.0,2123.8650000013877
0.0,4.581000001053326,0.33399999665562063,0.017999991541728377
4.781000010552816,1.6109999996842816,0.0,1713.224999999511
2.5769999920157716,4.14699999964796,9.787999995751306,0.0
6.4639999909559265,13.644999999087304,0.0,1861.9899999903282
0.0,2.8079999901819974,2.55799999285955,10.054999991552904
0.43899999582208693,25.65699999104254,0.0,2484.2619999981252
29.458999997586943,31.072999991010875,16.684000001987442,0.0
36.75400000065565,3.756000005523674,0.0,2628.9689999975963
3.236000004108064,5.044999998062849,1.1289999965811148,0.0
0.0,14.314999993075617,40.244999996502884,1857.8589999960968
0.6529999955091625,3.4839999862015247,8.79099998564925,0.0
0.0,6.204999997862615,4.0889999945648015,2682.829999990645
58.233000003383495,29.351999997743405,0.027000001864507794,0.0
4.060000006575137,0.0,2.0650000078603625,2061.7390000115847
0.7389999955194071,4.4360000028973445,2.223999996203929,0.0
71.49100000970066,45.51799999899231,0.0,1957.2880000050645
1.089000012143515,0.0,3.337000001920387,0.862000000779517
3.045000004931353,0.0,2.1689999994123355,1654.2219999973895
9.86600000760518,0.0,0.49700000090524554,0.8990000060293823
0.0,2.617000005557202,1.0029999975813553,2365.627000006498
1.4079999964451417,0.0,1.4099999971222132,1.4099999971222132
3.639000002294779,0.11999999696854502,0.0,2113.158000007388
8.0080000043381,6.80800000554882,0.4560000088531524,0.0
3.8610000046901405,0.0,206.49399999820162,2521.563000002061
101.91599999961909,0.0,103.0999999929918,98.58499999972992
2.693999995244667,6.473000001278706,0.0,2223.5359999904176
0.7899999909568578,3.4949999972013757,3.5109999880660325,0.0
39.53199999523349,58.835999996517785,0.0,1759.7229999955744
0.6050000083632767,0.21500000730156898,0.0,3.188999995472841
6.024000002071261,8.3710000035353,0.0,2771.194999993895
27.02500000305008,37.07000000576954,30.094000001554377,0.0
0.17800000205170363,1.28900000709109,0.0,1808.6489999986952
3.7700000102631748,6.345000001601875,1.5510000084759668,0.0
49.92399999173358,49.748000004910864,0.0,2568.849000002956
8.321999994223006,2.733000001171604,0.0,3.484999993816018
0.0,3.1559999915771186,0.8510000043315813,2234.88799999177
18.878999995649792,57.5890000036452,8.713999995961785,0.0
0.0,0.04099999205209315,6.072999996831641,1939.0069999935804
17.72499999788124,3.7500000034924597,9.86600000760518,0.0
34.49900000123307,43.22400000819471,0.0,1227.9669999988982
1.3349999935599044,0.0,1.3239999971119687,1.401000001351349
4.43299999460578,0.0,0.195999993593432,2020.9360000008019
17.57900000666268,27.16800000052899,22.334000008413568,0.0
7.491999989724718,5.467999988468364,0.0,2161.4540000009583
4.024000008939765,3.828000000794418,9.067000006325543,0.0
33.339999994495884,0.0,8.325999995577149,2060.851999995066
0.0,5.519999991520308,9.236999991117045,2.0809999987250194
0.0,7.164000009652227,0.05800000508315861,2477.617000011378
41.524000000208616,33.65700000722427,0.0,37.55300000193529
0.6929999944986776,1.8899999995483086,0.0,2259.44699998945
1.4690000098198652,7.157000000006519,1.560000004246831,0.0
0.0,21.025000009103678,27.62300000176765,2178.5930000041844
0.0,6.8710000050487,1.795999996829778,2.3059999948600307
0.0,1.676999992923811,0.6999999895924702,2182.3369999910938
6.294000006164424,8.79700000223238,0.0,5.208999995375052
0.530999997863546,0.0,39.961999995284714,2037.131999997655
4.602000000886619,4.13000000116881,0.029000002541579306,0.0
0.0,36.825999995926395,86.78599999984726,1953.682999999728
3.979999994044192,0.22400000307243317,3.9220000035129488,0.0
0.006000002031214535,9.994000007282011,0.0,2346.7620000010356
0.050000002374872565,5.730999997467734,0.5549999914364889,0.0
4.66700000106357,0.02099999983329326,0.0,1980.7419999997364
1.0110000002896413,8.934999990742654,0.0,0.02099999983329326
62.09599999419879,0.0,5.7410000008530915,2408.316000000923
2.9559999966295436,5.621999996947125,2.74100000387989,0.0
0.0,16.117999999551103,0.12199999764561653,2435.4249999887543
0.0,38.26899999694433,14.452000003075227,58.82700000074692
0.0,7.242000006954186,0.1429999974789098,2145.6400000024587
2.8049999964423478,1.9529999990481883,0.0,1.3959999923827127
77.77499999792781,0.0,98.68100000312552,2224.731000009342
2.5929999974323437,1.8850000051315874,1.5419999981531873,0.0
3.2950000022538006,1.6060000052675605,0.0,2725.7810000010068
7.252000010339543,44.93600000569131,0.0,15.160000009927899
0.09099999442696571,8.084999994025566,0.0,2187.9879999905825
1.2489999935496598,9.084999997867271,4.858999993302859,0.0
0.8420000085607171,22.36800000537187,0.0,2000.413000001572
16.717999998945743,8.462999991024844,0.5289999971864745,0.0
1.0830000101123005,0.0,0.09500001033302397,2497.9590000002645
14.067000010982156,9.913000001688488,0.0,9.237999998731539
1.237000004039146,18.004000012297183,0.0,1874.4390000065323
1.3259999977890402,0.0,1.3239999971119687,1.3219999964348972
4.610999996657483,0.4489999992074445,0.0,1272.3869999899762
3.005000005941838,0.0,2.286000002641231,3.716000006534159
0.0,1.0029999975813553,0.6670000002486631,2431.635000000824
5.964999989373609,53.54399999487214,0.0,30.673999994178303
4.14699999964796,0.0,4.107000000658445,1738.4350000065751
0.0,16.845999998622574,4.989000008208677,3.053000007639639
0.0,10.160000005271286,5.091999992146157,2004.386999993585
5.861999990884215,6.524999989778735,0.0,4.30400000186637
0.15400000847876072,2.47500000114087,0.0,1974.0030000102706
3.2149999897228554,0.0,17.380999997840263,15.142999996896833
18.9259999897331,0.0,49.360999997588806,2388.6939999938477
2.4569999950472265,3.0229999974835664,2.382999999099411,0.0
0.0,52.8749999939464,23.801000003004447,1295.8010000002105
2.1899999992456287,8.090000002994202,0.8050000033108518,0.0
0.05300001066643745,5.5810000048950315,0.0,1591.0629999998491
8.778000003076158,17.57500000530854,0.0,20.605000012437813
1.4379999920492992,8.868999997503124,0.0,1880.6619999959366
11.876000004122034,3.253000002587214,11.819999999715947,0.0
32.535999998799525,0.0,10.07699999900069,1944.9440000025788
0.941999998758547,0.0,1.2540000025182962,0.9889999928418547
4.436999995959923,1.4459999947575852,0.0,2085.2630000008503
17.527999996673316,15.364000006229617,0.0,45.257999998284504
0.0,3.966999996919185,2.8359999996609986,2255.401999995229
23.511000006692484,15.755000000353903,1.6929999983403832,0.0
3.0600000027334318,22.349000006215647,0.0,1963.2149999961257
4.623000000719912,1.6460000042570755,0.0,1.3010000111535192
0.606999994488433,10.07499999832362,0.0,2315.977999998722
40.33400000480469,29.410999995889142,0.0,52.49099999491591
9.021999998367392,3.3499999990453944,0.0,1788.881999993464
2.4370000028284267,7.255000004079193,1.895000008516945,0.0
0.0,31.37899999273941,9.852999995928258,1551.1629999964498
0.0,1.445000001695007,4.646000001230277,0.2830000012181699
0.0,2.2329999919747934,1.325000004726462,1608.2549999991897
31.525999991572462,0.0,13.130999999702908,10.433999996166676
25.821999995969236,4.266999996616505,0.0,1976.6689999960363
2.9470000008586794,5.7369999994989485,50.57799999485724,0.0
17.972999994526617,49.45099999895319,0.0,2181.4440000016475
1.9730000058189034,0.0,0.023999993572942913,0.41900000360328704
15.178000001469627,0.0,128.22300000698306,2927.0200000028126
0.00100000761449337,4.1640000126790255,0.03300000389572233,0.0
3.5189999907743186,0.4349999944679439,0.0,1500.6679999933112
1.2060000008204952,3.7210000009508803,8.93700000597164,0.0
54.85300000873394,0.0,18.496000004233792,2206.8990000116173
62.42400000337511,2.5800000003073364,0.0,0.06999999459367245
0.0,2.27499999164138,0.32300000020768493,2000.2869999880204
76.11500000348315,0.0,1.1180000001331791,28.61700000357814
1.2140000035287812,0.0,8.894999991753139,1758.2949999923585
0.0,4.6950000105425715,4.997000010916963,16.482999999425374
35.388000003877096,12.55499999388121,0.0,2018.8099999941187
11.55799999833107,2.82100000185892,0.0,1.2069999938830733
2.4570000095991418,0.0,1.185000000987202,1832.4350000038976
7.766000009723939,10.907999996561557,38.07700000470504,0.0
0.0,3.3299999922746792,0.03399999695830047,2211.32599998964
24.544999992940575,0.0,24.699999994481914,24.517999991076067
34.47499999310821,7.090999992215075,0.0,1309.3039999948815
0.0,8.157999996910803,8.677999998326413,0.42299999040551484
17.259999993257225,0.0,16.87899998796638,2324.53600000008
4.5799999934388325,11.6719999932684,0.0,42.38199999963399
0.0,6.346999987727031,4.187999991700053,1773.256999993464
1.021999996737577,0.0,1.0389999952167273,1.025000005029142
3.8130000029923394,0.0,0.03700000524986535,2082.1989999967627
3.404999995836988,36.970999994082376,0.0,4.157999996095896
3.7290000036591664,0.0,156.9149999995716,2670.321999990847
19.083999999566004,0.0,45.14099999505561,17.208000004757196
0.04299999272916466,4.77600000158418,0.0,1583.0640000058338
2.087000000756234,1.6069999983301386,0.0,0.6859999994048849
9.20600000245031,2.046000008704141,0.0,2392.3050000012154
1.4340000052470714,4.178000002866611,3.647999998065643,0.0
0.05200000305194408,0.7960000075399876,0.0,1773.4490000002552
66.18999999773223,65.47400000272319,48.4089999954449,0.0
4.960999998729676,5.733999991207384,0.0,1971.374000000651
0.11999999696854502,4.578000007313676,2.5470000109635293,0.0
0.0,92.23900000506546,397.93799999461044,2226.2139999947976
0.2300000051036477,18.297999995411374,0.0,1.3199999957578257
0.0,0.9609999979147688,137.37899999250658,2149.3289999925764
55.97899999702349,86.99399999750312,0.0,92.2149999969406
0.0,4.214000000501983,0.33400001120753586,1778.5060000023805
10.158999997656792,7.104000003891997,40.638000005856156,0.0
8.534999986295588,11.712999999872409,0.0,1798.3239999884972
1.1709999962477013,0.0,1.4819999923929572,1.2319999950705096
3.6459999973885715,0.12799999967683107,0.0,2423.785000006319
59.63499999779742,0.0,25.08999999554362,67.12799999513663
0.0,6.97099999524653,44.599999993806705,1864.1019999922719
1.3649999891640618,9.500999993178993,0.0,0.03099998866673559
48.078000007080846,30.234999998356216,0.0,1964.3740000028629
0.0,6.167999992612749,11.727999997674488,0.49399999261368066
0.0,1.2080000014975667,2.39500000316184,2249.91100000625
0.0,15.873999989707954,53.09299999498762,28.232999989995733
5.0829999963752925,6.072999996831641,0.0,2439.2570000054548
1.8070000078296289,6.39900000533089,0.9080000018002465,0.0
0.0,41.55700000410434,6.6389999992679805,1766.392999998061
1.4280000032158569,7.80799999483861,0.0,5.707999996957369
0.0,0.5610000080196187,0.9129999962169677,2453.58300000953
8.822000003419816,26.461000001290813,18.815000003087334,0.0
0.0,4.342000000178814,10.636999999405816,2376.9219999958295
0.0,7.219999999506399,2.1500000002561137,0.0109999964479357
12.356999999610707,0.0,10.1379999978235,1518.54099999764
6.905000002007,2.8280000115046278,0.33000000985339284,0.0
12.937999999849126,0.0,3.5930000012740493,2119.7419999953127
5.930999992415309,0.0,0.18399998953100294,0.06399999256245792
3.9580000011483207,0.0,0.05700001202058047,1752.2840000019642
4.082999992533587,5.5299999949056655,5.676999993738718,0.0
0.0,54.47000000276603,2.533999999286607,1845.870000004652
29.865000004065223,0.0,4.847999996854924,27.944999994360842
1.9789999932982028,0.0,1.0420000035082921,1552.1710000029998
4.06999999540858,24.688999998033978,0.0,45.891999994637445
0.0,1.4229999942472205,0.3989999968325719,1720.3219999937573
0.3679999936139211,12.145000000600703,10.696999990614131,0.0
45.36800000641961,35.337000008439645,0.0,1645.3630000032717
3.232999995816499,6.186999991768971,4.08699999388773,0.0
53.95200000202749,2.5730000052135438,0.0,1915.9210000070743
108.75400000077207,28.17799999320414,12.201999998069368,0.0
2.6199999992968515,2.8289999900152907,0.0,1558.229999995092
52.61199999949895,1.6659999964758754,5.334999994374812,0.0
20.67199999873992,11.93000000785105,0.0,1680.716000002576
2.534999992349185,5.887999999686144,2.2019999887561426,0.0
0.0,1.2120000028517097,0.20300000323913991,2120.954999991227
0.0,38.899000006495044,17.92800000112038,63.30999999772757
38.80199999548495,0.0,0.9890000073937699,2065.679999999702
1.161000007414259,0.0,1.157000006060116,1.1579999991226941
4.075000004377216,0.0,0.14000000373926014,1413.860000000568
5.5130000109784305,4.906000001938082,0.0,0.6010000070091337
0.0,6.178999989060685,0.0779999973019585,2447.060999998939
0.0,527.3880000022473,8.73699999647215,1.9170000014128163
11.790999997174367,7.224000000860542,0.0,1770.15900000697
0.6500000017695129,0.6619999912800267,0.21899999410379678,0.0
32.21699999994598,69.816000002902,0.0,1933.3909999986645
2.282999994349666,6.4719999936642125,1.6859999886946753,0.0
0.0,3.305000005639158,4.931999996188097,2274.080999995931
38.15999999642372,24.650999999721535,7.395999986329116,0.0
3.50099999923259,29.288999998243526,0.0,1843.2940000056988
2.6510000025155023,7.254000011016615,0.0,0.7670000049984083
78.29700000002049,30.513999998220243,0.0,1889.8100000078557
32.19600000011269,8.589999997639097,0.45000000682193786,0.0
3.8139999960549176,6.829000005382113,0.0,2230.7009999931324
0.0,23.874999998952262,86.33299999928568,9.957999995094724
1.408000010997057,32.376000002841465,0.0,1993.0210000020452
1.5430000057676807,2.118999997037463,4.453000001376495,0.0
48.596000007819384,39.26800000772346,0.0,2040.4420000122627
0.937999997404404,0.0,0.9560000034980476,0.9299999946961179
4.008000003523193,0.9070000087376684,0.0,2060.563999999431
68.7399999878835,41.30299999087583,45.450999998138286,0.0
6.162999998196028,2.2009999956935644,0.0,1650.5979999928968
4.277000000001863,5.472999997437,1.0520000068936497,0.0
42.22000000299886,21.338999998988584,0.0,2025.617000006605
0.05400000372901559,3.998999993200414,0.0,1.3279999984661117
0.04499999340623617,3.811999995377846,0.0,2341.543000002275
158.00500000477768,11.80400000885129,1.939000008860603,0.0
0.0,13.915999996243045,2.223999996203929,1855.7129999971949
2.8039999888278544,6.601000000955537,0.0,0.22399998852051795
15.564000001177192,17.706999991787598,0.0,1950.4919999890262
33.605000004172325,2.510999998776242,0.0,0.4999999946448952
0.0,3.2659999997122213,11.805999994976446,2840.2619999978924
33.54099999705795,26.409999991301447,0.0,37.68599999602884
0.0,1.1830000003101304,1.8629999976838008,2122.3639999952866
4.95599998976104,8.319999993545935,3.9329999999608845,0.0
0.0,45.36699999880511,12.691999989328906,1811.3409999932628
28.06100000452716,3.391999998711981,4.453000001376495,0.0
0.0,8.373000004212372,11.586000007810071,1555.091000001994
27.552999992622063,0.0,8.302000002004206,0.07299998833332211
3.748000002815388,0.14699999883305281,0.0,2110.488999998779
55.26999999710824,8.451999994576909,0.3419999993639067,0.0
100.67799998796545,0.0,38.19899998779874,2213.263999990886
17.8310000046622,4.293999998481013,18.011000007390976,0.0
8.660000006784685,0.0,9.010000008856878,1886.8000000074971
83.72500000405125,19.823000009637326,100.74799999711104,0.0
3.0199999891920015,0.0,3.1109999981708825,2083.6080000008224
13.953999994555488,11.324999999487773,13.792999990982935,0.0
0.0,16.671999997925013,19.627999994554557,1909.5299999898998
3.052999993087724,4.312999997637235,0.0,6.1989999958314
1.2489999935496598,4.6719999954802915,0.0,2501.615999994101
1.8379999964963645,36.94799999357201,0.0,8.19999999657739
6.074000004446134,0.0,0.6359999970300123,1836.622000002535
8.387999987462536,14.199999990523793,1.2889999925391749,0.0
0.0,65.50599999900442,22.777000005589798,2201.587000003201
5.041999989771284,0.0,0.5830000009154901,13.211999990744516
0.7729999924777076,4.6639999927720055,0.0,2536.8429999944055
11.429999998654239,10.034999999334104,0.0,39.32799999893177
9.489999996731058,0.0,11.503000001539476,2185.64399999741
0.9540000028209761,0.0,1.7609999922569841,0.910000002477318
3.632000007200986,0.0,0.6819999980507419,1699.9270000087563
40.41000000142958,7.054999994579703,1.0009999969042838,0.0
4.924999986542389,9.209999989252537,0.0,1773.9899999869522
30.773999998928048,45.02099999808706,1.2640000059036538,0.0
5.397000000812113,0.0,27.419000005465932,1910.5100000015227
1.6870000108610839,5.7820000074571,0.0,0.9130000107688829
4.198000009637326,73.93800000136252,0.0,1305.928000001586
0.0,5.023999998229556,0.15199999324977398,0.6399999983841553
0.0,7.3259999917354435,1.2589999969350174,1782.054999988759
76.85499999206513,8.398999998462386,1.8089999939547852,0.0
1.2739999947370961,0.0,26.790000003529713,1960.8659999939846
1.3349999935599044,5.144999988260679,1.9709999905899167,0.0
31.51899999647867,0.0,32.093000001623295,1785.5120000021998
1.1789999989559874,8.170000000973232,0.0,0.9790000040084124
0.5839999939780682,5.797999998321757,0.0,2291.2449999857927
112.03999999270309,12.38099999318365,0.0,15.956000002915971
3.0989999941084534,4.438999996636994,0.0,1594.6459999977378
2.5290000048698857,7.873000009567477,0.0,0.18099999579135329
14.523999998345971,12.955999991390854,0.0,2310.4009999951813
0.9160000045085326,0.0,0.9140000038314611,0.9140000038314611
4.018000006908551,0.5079999973531812,0.0,2295.593999995617
3.316000002087094,22.943000003579073,1.6170000017154962,0.0
0.5099999980302528,1.017999995383434,0.0,2037.4529999971855
3.9969999925233424,34.244999988004565,25.205999991158023,0.0
7.044999991194345,8.26299999607727,0.0,2105.1539999898523
0.9760000102687627,5.623000004561618,2.8070000116713345,0.0
0.9169999975711107,2.3079999955371022,0.0,1433.510999995633
43.75300000538118,24.028999992879108,0.0,7.22499999392312
0.9250000002793968,0.0,16.632999991998076,1659.287000002223
7.36499999766238,6.787999998778105,2.833000005921349,0.0
8.150000008754432,32.78199999476783,0.0,1770.369000005303
5.971000005956739,3.6309999995864928,0.0,1.887000005808659
0.7359999872278422,15.478000001166947,0.0,2293.9579999947455
100.86299999966286,5.925999997998588,7.12799999746494,0.0
1.9299999985378236,7.903999998234212,0.0,1530.0100000022212
0.07700000423938036,0.0,2.358999990974553,0.7789999945089221
0.0,21.807999990414828,30.789999989792705,1729.1669999976875
0.0,2.099000004818663,1.0009999969042838,4.075000004377216
1.931999999214895,4.283999995095655,0.0,2280.564000000595
0.018999999156221747,4.957999990438111,0.0,2.0289999956730753
4.486999998334795,0.977999996393919,0.0,1804.5259999926202
6.8389999942155555,1.8689999997150153,0.048000001697801054,0.0
0.0,16.15900000615511,1.852000001235865,1873.0760000034934
3.4069999965140596,3.994999991846271,0.0,11.408999998820946
0.0,3.6669999972218648,4.297999999835156,2334.6590000001015
36.41899999638554,20.508000001427718,0.0,6.02200000139419
1.0529999999562278,5.541999998968095,0.0,1913.620000006631
34.18499999679625,4.485999990720302,0.006000002031214535,0.0
0.0,60.68099998810794,49.7309999918798,1620.177999997395
3.935000000637956,1.408000010997057,0.0,1.0130000009667128
2.0220000005792826,2.2319999989122152,0.0,2272.488999995403
2.454000001307577,49.30699999385979,0.0,5.856000003404915
0.0,4.102999999304302,0.27400000544730574,2544.4830000051297
1.8819999968400225,6.863000002340414,2.278999992995523,0.0
0.0,67.12900000275113,48.54899999918416,1771.640999999363
4.140000004554167,3.882999997586012,0.0,1.6900000046007335
0.5899999960092828,5.021999997552484,0.0,2696.64599999669
0.0,21.01799999945797,46.16800000076182,62.50900001032278
0.0,6.647999995038845,0.29999999969732016,2144.9460000003455
1.1069999891333282,0.0,1.0679999977583066,1.6309999919030815
3.8979999953880906,0.25299999106209725,0.0,1738.7299999973038
11.568999994779006,53.01499999768566,0.5870000022696331,0.0
0.0,13.886000000638887,0.43899999582208693,1684.9389999988489
0.0,33.823000005213544,7.484000001568347,15.522999994573183
0.0,2.446000013151206,5.352000007405877,1888.8950000109617
2.3320000036619604,7.090999992215075,1.67199999850709,0.0
20.964999988791533,7.591999994474463,0.0,1918.6110000009649
0.5320000054780394,8.536000008461997,1.596000001882203,0.0
0.0,7.244000007631257,0.28500000189524144,2738.884999998845
58.92000001040287,35.66400001000147,0.0,14.39300000492949
3.0120000010356307,0.0,21.895999991102144,2177.1149999985937
10.259000002406538,14.709000010043383,0.0,0.09300000965595245
60.594000009587035,26.158000007853843,0.0,1681.5040000074077
0.32700000156182796,10.850999999092892,4.499000002397224,0.0
0.0,38.197999994736165,48.490999994101,2746.9810000038706
0.0,26.68199999607168,43.747999996412545,8.29699999303557
0.0,1.3630000030389056,4.058000005898066,2251.270000007935
33.86200001114048,11.575000011362135,5.306000006385148,0.0
0.0,22.064000004320405,79.15099999809172,1811.2590000091586
0.702000004821457,0.0,0.7700000132899731,0.7080000068526715
3.743000008398667,0.0,0.3640000068116933,2102.3560000030557
0.0,12.49600001028739,57.08300000696909,19.330000010086223
0.0,5.351999992853962,7.603999998536892,1780.6279999931576
0.10699999984353781,4.159999996772967,8.21400000131689,0.0
12.591999999131076,0.0,8.41700000455603,1507.3580000025686
3.1549999985145405,7.140999994589947,4.745999991428107,0.0
0.0,5.3380000026663765,11.220000000321306,2413.323999993736
37.895000001299195,0.0,91.06599999358878,35.77400000358466
0.0,3.0310000001918525,11.707999990903772,1796.4070000016363
1.879999996162951,5.778000006102957,13.97299999371171,0.0
0.0,20.34299999650102,3.2829999981913716,1829.7009999951115
8.28800001181662,0.0,6.470000007539056,0.3640000068116933
7.691999999224208,0.0,5.031000007875264,1507.3340000089956
10.204000005614944,10.548000005655922,40.464999998221174,0.0
0.0,2.0289999956730753,5.019999996875413,1566.2009999941802
2.7560000016819686,32.54699999524746,8.061000000452623,0.0
0.0,29.98700000171084,50.83200000808574,2055.331000010483
0.7509999995818362,7.341999997152016,5.8569999964674935,0.0
3.496999997878447,0.0,3.8090000016381964,2595.1309999945806
0.0560000044060871,0.19400000746827573,6.5630000026430935,0.0
4.351000010501593,0.0,0.7659999973839149,1464.0800000051968
0.0,5.417000007582828,5.375000007916242,0.822000001790002
3.7129999982425943,15.872999996645376,0.0,1984.3589999945834
0.0,4.318999999668449,1.3169999874662608,0.9439999994356185
21.86700000311248,0.32900000223889947,0.0,2214.4939999998314
60.88099999760743,0.0,95.26099999493454,83.17600000009406
2.2299999982351437,58.59299999428913,0.0,1931.8119999952614
65.45900000492111,55.470000006607734,0.0,0.16399999731220305
33.8530000008177,6.582000001799315,0.0,2065.4000000067754
1.2960000021848828,7.560999991255812,3.3189999958267435,0.0
0.0,4.509000005782582,2.1980000019539148,1852.1659999969415
1.3229999894974753,22.853999995277263,28.314999988651834,0.0
20.284999991417862,1.4740000042365864,0.0,2007.410999998683
0.02099999983329326,12.333000006037764,3.836000003502704,0.0
0.0,4.365000000689179,28.514999998151325,1908.9729999977862
0.20900000527035445,3.4730000043055043,9.038000003783964,0.0
0.0,7.341999997152016,1.1240000021643937,2790.775000001304
3.0839999963063747,56.56099999032449,0.08199999865610152,0.0
0.07399999594781548,3.8880000065546483,0.0,1868.625000002794
1.029000006383285,0.0,1.0400000028312206,0.8750000124564394
3.8419999909820035,0.0,0.1049999991664663,1781.7470000009052
1.6109999996842816,5.757999999332242,1.376999993226491,0.0
0.0,5.1109999913023785,0.05399998917710036,2215.2899999928195
33.23600000294391,15.2280000038445,10.78599999891594,0.0
0.0,35.63300000678282,4.119999997783452,1936.4980000100331
0.40699999954085797,8.497999995597638,5.575999995926395,0.0
16.72600000165403,19.528000004356727,0.0,2050.1360000052955
1.0919999913312495,6.377999990945682,1.8710000003920868,0.0
0.26599998818710446,6.706999993184581,0.0,2127.801999988151
39.27099998691119,29.144000000087544,0.0,7.431999998516403
1.6550000000279397,45.06699999910779,0.0,2498.3899999933783
0.0,7.281999991391785,1.5829999902052805,0.853999998071231
0.0,8.077999998931773,102.81599999871105,2481.847999995807
0.8329999982379377,6.737999996403232,1.9650000031106174,0.0
0.008000002708286047,3.656000000773929,0.0,2395.470999996178
63.16199999128003,148.13400000275578,0.0,9.393000000272878
0.0,2.513999992515892,0.7909999985713512,1719.3689999985509
2.4009999906411394,5.332000000635162,0.0,0.15300000086426735
36.34699998656288,10.652999990270473,0.0,1815.0129999994533
0.6100000027799979,0.0,0.7650000043213367,0.6040000007487833
4.203999997116625,0.6589999975403771,0.0,2224.7150000039255
0.0,61.37199999648146,0.0029999937396496534,38.83999999379739
6.894999998621643,0.0,3.5859999916283414,1910.8739999937825
1.3789999939035624,0.3529999958118424,17.91199999570381,0.0
10.267999998177402,12.747000000672415,0.0,1848.1549999996787
4.0210000006482005,4.34700000914745,0.4800000024260953,0.0
0.0,11.023999992175959,0.05199998850002885,2277.57500000007
0.0,48.19899999711197,17.215999992913567,8.512999993399717
3.6019999970449135,5.7090000045718625,0.0,1473.639000003459
1.4750000118510798,6.634999997913837,0.3330000035930425,0.0
1.017999995383434,10.808999999426305,0.0,2338.1289999961155
1.4220000011846423,6.640999999945052,1.843999998527579,0.0
4.7839999897405505,1.3709999911952764,0.0,1880.5739999952493
86.32799999031704,27.355999991414137,0.0,10.874999992665835
0.4250000056345016,4.732000001240522,0.0,1142.1340000088094
1.711999997496605,8.675000004586764,0.9609999979147688,0.0
27.121000006445684,0.0,24.096000008285046,2033.223000005819
1.5359999961219728,5.420999994385056,3.895000001648441,0.0
0.04699999408330768,0.0,0.5050000036135316,1854.1200000036042
0.0,6.282999995164573,3.7819999997736886,0.0109999964479357
4.844000010052696,0.0,17.960000011953525,2200.5800000042655
0.0,5.390999998780899,3.8520000089192763,0.020000006770715117
39.94299999612849,35.99600000598002,0.0,2063.985999993747
0.0,7.755999991786666,3.6109999928157777,1.1640000011539087
1.8410000047879294,6.078999998862855,0.0,2203.03600000625
0.0,57.66899998707231,31.28199999628123,24.971999999252148
0.0,3.763000000617467,1.631999999517575,1769.2079999978887
0.7630000036442652,6.213000000570901,1.9309999916004017,0.0
75.9179999877233,17.247999989194795,0.0,2091.5299999905983
2.674000003025867,5.892000001040287,3.974999999627471,0.0
0.0,3.592000008211471,0.7210000039776787,2031.514000002062
0.0,5.51600000471808,107.22299999906681,77.06300000427291
0.41700000292621553,9.623000005376525,0.0,1548.1920000020182
36.837999999988824,2.1410000044852495,1.7170000064652413,0.0
1.731000011204742,0.0,10.817000002134591,1833.7370000081137
0.02099999983329326,4.885999995167367,2.594999998109415,0.0
0.5249999958323315,3.7540000048466027,0.0,2468.5429999954067
1.3139999937266111,49.629999994067475,0.0,2.6649999927030876
0.8720000041648746,4.295999999158084,0.0,2315.383000008296
0.965000013820827,0.0,0.9360000112792477,0.9770000033313408
4.377000004751608,0.07600001117680222,0.0,2029.4160000048578
0.5240000027697533,19.224000003305264,0.35200000274926424,0.0
0.11399999493733048,4.751000000396743,0.0,2534.5260000030976
13.67299999401439,14.181999998982064,33.97899999981746,0.0
1.5669999993406236,3.939999995054677,0.0,2530.1970000000438
1.1599999997997656,9.950000006938353,0.7970000006025657,0.0
8.611999990534969,21.435999995446764,0.0,1689.8759999894537
3.1239999952958897,8.113000003504567,0.0,1.6630000027362257
1.1289999965811148,1.0159999947063625,0.0,1702.0740000007208
15.13300000806339,16.086000003269874,0.0,15.880000006291084
0.0,6.494000001111999,0.0450000079581514,1852.1790000086185
0.0,5.952999999863096,19.165999998222105,1.065000004018657
49.40299999725539,49.689999999827705,0.0,2116.946000009193
0.6170000124257058,9.153999999398366,0.0,0.8040000102482736
0.0,2.856999999494292,35.99299999768846,2002.173999993829
47.006000007968396,26.270000002114102,0.0,0.7089999999152496
4.847999996854924,3.1140000064624473,0.0,1732.8310000011697
9.718999994220212,7.557999997516163,0.2300000051036477,0.0
0.0,2.3539999965578318,3.9289999986067414,2316.6249999922
1.3060000055702403,0.0,1.3060000055702403,1.3080000062473118
3.9299999916693196,0.0,0.014999997802078724,2247.963999994681
3.859999997075647,21.95600001141429,51.55899999954272,0.0
1.165000008768402,31.367000003228895,0.0,1884.5240000082413
0.0,5.944000004092231,1.3380000018514693,0.3389999910723418
8.652999997138977,14.483999999356456,0.0,2238.467999995919
0.2930000046035275,5.459000007249415,2.3880000080680475,0.0
45.022999998764135,0.0,45.589000001200475,2157.1160000021337
0.0,50.541999997221865,28.076999995391816,28.021999998600222
0.1849999971454963,6.957000005058944,0.0,1269.18800000567
2.7870000049006194,7.373000000370666,0.5310000124154612,0.0
53.92500000016298,19.050000002607703,0.0,2205.898000000161
3.8420000055339187,6.213000000570901,3.6370000016177073,0.0
1.9190000020898879,0.0,6.177999995998107,1997.1729999961099
30.878000005031936,0.9580000041751191,0.0029999937396496534,0.0
0.0,1.9659999961731955,3.048999991733581,1791.5050000010524
1.3199999957578257,3.9249999972525984,2.090000009047799,0.0
105.39300000527874,8.18000000435859,0.0,1869.5050000096671
2.693999995244667,4.902000000583939,1.3999999937368557,0.0
0.03700000524986535,10.729000001447275,0.0,2674.51899999287
0.05499999679159373,5.27900000452064,0.0,4.471000007470138
4.394999996293336,0.0,0.15100000018719584,1750.0609999988228
0.9969999955501407,5.6899999908637255,1.2669999996433035,0.0
0.0,78.12599999306258,4.96999999450054,1707.788999992772
6.297999992966652,8.30600000335835,0.0,0.9120000031543896
0.0,10.77199999417644,9.274999989429489,2138.0470000003697
112.64699998719152,69.33999998727813,0.0,15.23299999826122
0.7089999999152496,13.890999995055608,0.0,2151.205000001937
0.0,10.367999988375232,33.0029999895487,0.8699999889358878
0.30499999411404133,50.80899999302346,0.0,2165.847999989637
6.557999993674457,3.6330000002635643,10.027999989688396,0.0
0.0,29.620000001159497,4.621000000042841,2154.64300000167
2.0010000007459894,14.951999997720122,13.695999994524755,0.0
67.36000000091735,58.81799999042414,0.0,1871.807000003173
0.04299999272916466,6.030000004102476,0.0,0.9929999941959977
97.97800000524148,0.0,13.19599999987986,2217.5120000028983
1.9139999931212515,4.711000001407228,1.875999994808808,0.0
1.6610000020591542,5.195000005187467,0.0,1726.2849999970058
0.0,15.633000002708286,52.46100001386367,11.34400001319591
30.534999998053536,0.371000001905486,0.0,1815.056999999797
0.7639999967068434,0.0,0.7619999960297719,0.7650000043213367
3.870999993523583,0.43200000072829425,0.0,2042.7169999893522
1.528000007965602,7.204000008641742,1.3350000081118196,0.0
0.048999994760379195,2.538999993703328,0.0,2429.1879999946104
0.0,14.957999999751337,0.12100000458303839,6.781000003684312
2.3210000072140247,5.743000001530163,0.0,1178.5500000114553
0.36700000055134296,5.627999998978339,3.3739999926183373,0.0
0.0,4.786000004969537,0.0029999937396496534,1374.1399999998976
0.6310000026132911,6.416000003810041,2.466000005370006,0.0
0.0,1.8459999992046505,0.60299999313429,2404.324999995879
3.7370000063674524,18.014000001130626,18.549000000348315,0.0
22.35800000198651,4.79300000006333,0.0,2328.7120000022696
0.5019999953219667,9.758999993209727,0.5130000063218176,0.0
0.0,26.51799999875948,49.85399999713991,1967.5100000022212
4.87599999178201,7.570000001578592,2.418000003672205,0.0
0.0,1.8789999885484576,0.03499999002087861,2294.016999992891
0.0,10.112999996636063,5.67899999441579,14.830000000074506
0.8329999982379377,3.3269999985350296,0.0,1905.1830000098562
0.9870000067166984,5.034000001614913,2.1019999985583127,0.0
33.037000001058914,33.91000001283828,0.0,1986.335000008694
1.0929999989457428,0.0,1.0999999940395355,1.1269999959040433
4.4679999991785735,0.4659999976865947,0.0,2168.1190000090282
13.516000006347895,16.906000004382804,0.0,17.10300000559073
2.709000007598661,0.6940000021131709,0.0,2244.4910000049276
6.244000003789552,5.2140000043436885,3.2420000061392784,0.0
63.94400000863243,12.57800000894349,0.0,2140.4940000065835
0.05499999679159373,4.1409999976167455,23.600999993504956,0.0
0.8090000046649948,7.1060000045690686,0.0,2991.5040000050794
0.0,72.01600000553299,4.277000000001863,71.42700000258628
11.49200000509154,2.577999999630265,0.0,1403.3670000062557
1.5949999942677096,4.531999991741031,0.818000000435859,0.0
11.203000001842156,16.27399999415502,0.0,1378.7679999950342
2.0939999958500266,3.6309999995864928,2.5879999884637073,0.0
0.0,2.888999995775521,2.593999990494922,2052.7709999878425
11.041000005207025,85.35300000221469,0.0,45.19900000013877
0.0,2.6990000042133033,0.7310000073630363,1766.3029999966966
3.416999999899417,8.544999989680946,1.6990000003715977,0.0
0.0,56.80999999458436,23.346000001765788,2078.917000006186
2.6320000033592805,10.632999998051673,2.311000003828667,0.0
0.0,0.13800000306218863,0.0889999937498942,2396.6479999944568
0.1120000088121742,4.7469999990426,0.06600000779144466,0.0
5.672999992384575,0.0,0.0329999893438071,2022.988999990048
3.0430000042542815,4.95000000228174,4.3839999998454005,0.0
115.65200000768527,0.0,8.587000003899448,1458.1150000012713
0.4729999927803874,5.556000003707595,0.0,2.3689999943599105
0.985999999102205,2.0890000014333054,0.0,2000.5380000075093
0.0,14.477999997325242,0.012999997125007212,11.752000005799346
0.0109999964479357,4.430999993928708,0.0,1459.59299999231
0.0,2.7360000094631687,0.39400000241585076,5.40200000978075
0.0,6.568999990122393,2.4330000014742836,2029.3319999909727
0.08399999933317304,9.212000004481524,0.6839999987278134,0.0
64.67700000212062,6.497000009403564,0.0,2563.93200000457
102.58899998734705,38.55899999325629,0.0,103.91199999139644
0.0,5.113999999593943,2.526000011130236,1503.4109999978682
47.55099999601953,5.476000005728565,0.0,0.40600000647827983
9.983999989344738,0.0,10.86599999689497,1153.3659999986412
0.411000000895001,2.75800000235904,5.179999992833473,0.0
0.7120000082068145,1.6570000007050112,0.0,2455.5600000021514
12.883000003057532,71.81900000432506,0.0,52.99799999920651
0.0,5.520000006072223,7.459000000380911,958.6360000103014
1.0400000028312206,0.0,0.9430000063730404,0.9530000097583979
4.339000006439164,0.33599999733269215,0.0,1756.8999999930384
0.6580000044777989,10.248000005958602,0.03999999898951501,0.0
0.0,4.145999992033467,2.283999987412244,2184.0660000016214
0.0,6.165999991935678,17.652999988058582,23.030999989714473
0.0,5.806000001030043,1.0620000102790073,1429.3440000037663
10.116999997990206,5.757000006269664,0.0,0.6310000026132911
0.0,81.9469999987632,6.108000001404434,1599.9969999975292
1.604000004590489,15.807000003405847,0.0,0.22200000239536166
2.2579999931622297,11.035999996238388,0.0,2083.2490000029793
24.762000000919215,14.4820000132313,0.0,15.127000006032176
33.62300001026597,3.3499999990453944,0.0,1842.7349999983562
7.803000000421889,37.82899999350775,0.0,0.13499999477062374
43.02699999243487,15.268000002834015,0.0,1592.5940000015544
0.0,2.9199999989941716,0.11900000390596688,5.6290000065928325
0.0,5.937000008998439,1.1020000092685223,2189.5430000004126
0.0,29.4150000117952,529.104000001098,529.6780000062427
3.4530000120867044,1.8500000005587935,0.0,1654.1120000038063
3.10100000933744,0.0,493.0550000135554,906.4560000115307
12.6730000047246,15.415000001667067,0.0,1363.167000003159
0.14799999189563096,0.0,375.8749999979045,1029.434999989462
3.576000002794899,0.0,0.006000002031214535,1357.2859999985667
83.52000000013504,0.0,353.121000007377,437.7890000032494
1.38899999728892,5.084999997052364,0.0,1543.1689999968512
0.0,0.37199999496806413,452.5969999958761,1207.8469999978552
0.0,65.70700000156648,3.9530000067315996,753.1770000059623
0.0,2.4529999936930835,1151.3669999985723,1643.2300000014948
0.4189999890513718,3.108999997493811,0.0,232.70599999523256
12.503000005381182,0.0,1351.3360000069952,1459.338000000571
10.16900000104215,0.0,9.26600000821054,558.33800000255
1.8579999887151644,0.0,1280.3690000000643,1522.6009999896633
10.792999994009733,2.9799999902024865,0.0,263.4129999933066
0.0,7.637000002432615,977.123999997275,1606.5939999971306
1.181999992695637,4.801999995834194,0.0,381.0759999905713
0.0,8.617999992566183,746.5070000034757,1429.3670000042766
2.454999994370155,6.477999995695427,0.0,840.2490000007674
0.0,0.758999987738207,401.5289999952074,1094.9069999915082
34.035999997286126,67.78700000722893,0.0,462.6739999948768
0.0,6.378000005497597,460.62300000630785,1377.0280000026105
0.0,2.4200000043492764,5.450000011478551,837.8590000065742
0.09499999578110874,0.0,914.5759999955771,1701.402999999118
4.141999990679324,0.14599999121855944,0.0,203.08500000101048
0.0,4.197000002022833,1463.262000004761,2357.688000003691
0.0,9.55200000316836,13.34099999803584,12.384000001475215
0.0,3.903000004356727,796.0630000015954,2235.0310000038007
1.464999993913807,1.0550000006332994,0.0,21.657000004779547
26.507000002311543,0.0,736.5239999926416,2137.1280000021216
4.864999995334074,3.1380000000353903,0.11500000255182385,0.0
0.0,4.785999990417622,43.21499999787193,2140.758999987156
44.39599999750499,15.35100000910461,20.44900000328198,0.0
0.0,4.478999995626509,11.681999996653758,2069.843999997829
48.24600000574719,2.885000008973293,0.0,4.1520000086165965
0.0,64.51599999854807,54.582999990088865,2478.275000001304
4.5799999934388325,9.414999993168749,2.466999998432584,0.0
0.0,3.775999997742474,1.9979999924544245,1342.4640000012005
0.0,22.144999995362014,35.229000000981614,53.33099998824764
18.24000000488013,15.239000000292435,0.0,1759.3250000063563
0.3239999932702631,3.4939999895868823,0.0,1065.8629999961704
0.0,16.52999999350868,25.352999989991076,1155.42799999821
1.9859999883919954,7.614999994984828,0.0,759.8289999878034
0.826000003144145,0.0,1.0380000021541491,1749.1310000041267
4.3440000008558854,0.0,0.30699999479111284,293.85599998931866
12.495000002672896,2.003000001423061,0.0,1359.7049999953015
24.21999999205582,6.106999993789941,0.0,1386.021999991499
0.0,9.279999998398125,15.345000007073395,91.47500000835862
0.0,3.683999995701015,0.41599999531172216,1654.158000004827
0.7599999953527004,7.144000002881512,0.0,622.921000001952
104.81900000013411,6.884999995236285,0.0,1144.6369999903254
1.8699999927775934,1.2270000006537884,0.0,636.1639999959152
0.6759999960195273,4.741999990073964,0.0,1201.6359999979613
0.0,57.80900000536349,51.94900000060443,1088.9720000122907
0.0,7.231999989016913,0.11199999426025897,360.6359999976121
1.3920000055804849,9.296000003814697,0.0,2058.8649999990594
35.654999999678694,4.1009999986272305,0.0,542.7479999925708
9.980999995605089,4.839999994146638,0.0,1911.5009999950416
2.8509999974630773,2.378999997745268,0.0,30.782000001636334
3.798999998252839,8.981000006315298,0.0,1885.6720000039786
1.9460000039543957,4.9189999990630895,0.19700000120792538,0.0
0.0,8.179000011296012,4.939000005833805,2518.8970000017434
10.605000003124587,15.094999995199032,0.0,2.0700000022770837
0.0,0.2589999930933118,0.0029999937396496534,1706.5330000041286
4.932000010740012,2.8220000094734132,0.0040000013541430235,0.0
39.484000008087605,137.46300000639167,0.0,1997.0560000074329
3.5539999953471124,8.381999999983236,2.454999994370155,0.0
2.5449999957345426,5.364999989978969,0.0,1994.115999987116
0.0,9.55200000316836,5.840999991050921,6.185999998706393
1.3000000035390258,5.381000009947456,0.0,2045.856000011554
1.2459999998100102,6.78800001333002,2.099000004818663,0.0
28.890000001410954,42.72900000796653,0.0,1691.2960000045132
3.2429999992018566,9.914000009302981,5.361000003176741,0.0
3.109999990556389,10.376999998698011,0.0,2631.997999997111
49.503999995067716,79.73399999900721,27.298999993945472,0.0
4.513000007136725,12.002000003121793,0.0,1511.2030000018422
1.3000000035390258,15.227000010781921,3.2150000042747706,0.0
34.200000009150244,0.0,19.5780000067316,2461.4330000040354
0.0,11.912999994819984,0.1289999927394092,2.15199998638127
0.0,9.145000003627501,130.74900000356138,2389.439999999013
0.0,132.80600000871345,80.17300000938121,12.279000002308749
0.8099999977275729,7.599000004120171,0.0,1545.1730000058888
0.9320000099251047,11.484000002383254,0.14300001203082502,0.0
1.6259999974863604,6.330000003799796,0.0,1777.581000002101
4.372000010334887,0.5300000048009679,0.048000001697801054,0.0
6.593999991309829,0.0,438.97000000288244,2085.858999998891
0.0,46.254999993834645,46.02799999702256,8.841000002576038
0.0,12.071000004652888,136.04000001214445,1412.032000007457
0.0,8.225000012316741,0.006000002031214535,694.0290000056848
18.336000008275732,0.0,14.877000008709729,424.2470000026515
0.48999999125953764,20.65799999400042,0.0,1583.9089999935823
22.22800000163261,5.625999998301268,0.0,461.2639999977546
0.0,34.74800000549294,98.06200000457466,1562.8230000002077
3.387999997357838,11.998999994830228,0.0,1.9829999946523458
0.9390000050188974,9.835999997449107,0.0,2140.771999998833
0.0,61.68499999330379,4.404000006616116,34.26099999342114
4.593000005115755,0.5610000080196187,0.0,2214.267999996082
2.5359999999636784,3.78400000045076,0.0,138.7200000026496
13.011999995796941,0.0,22.759999992558733,1467.0999999943888
0.5840000085299835,1.6270000051008537,0.0,578.259000001708
0.5950000049779192,3.299999996670522,0.0,2265.654999995604
46.03800000040792,15.40799999202136,42.63699999137316,0.0
3.465000001597218,5.535000003874302,0.0,2376.4940000110073
0.8090000046649948,0.0,0.8099999977275729,0.8119999984046444
4.505999997491017,0.33900000562425703,0.0,1817.5179999961983
9.395999994012527,7.448999996995553,0.0,0.037999998312443495
0.0,4.293999998481013,29.236000002129003,2220.6180000066524
24.616000009700656,75.3229999972973,15.287000001990236,0.0
0.0,4.170999993220903,0.1939999929163605,1681.88000000373
0.01200000406242907,7.001000005402602,0.0,0.0
36.49200001382269,26.965000011841767,0.0,2107.711000004201
1.8320000090170652,12.25200000044424,0.6590000120922923,0.0
0.0219999928958714,7.366999998339452,0.0,1918.9110000006622
32.981999989715405,70.10799999989104,71.02899999881629,0.0
0.0,7.308999993256293,3.2719999871915206,1555.796000000555
0.0,3.320999996503815,218.65199999592733,4.266000003553927
0.0,15.981999997165985,36.40500000619795,1547.311999995145
0.0,3.9899999974295497,1093.2099999918137,656.7740000027698
0.0,9.294999996200204,1.9969999993918464,1485.0420000002487
104.39199999382254,7.301000005099922,175.83100000047125,0.0
0.0,6.639999992330559,2.8270000038901344,1733.024999994086
0.017999991541728377,4.1289999935543165,672.6579999958631,0.0
4.6470000088447705,0.0,82.08600000943989,993.2390000030864
0.33999999868683517,0.0,757.618999996339,0.33799999800976366
3.882999997586012,0.6369999900925905,0.0,1447.876999998698
7.962999996379949,4.534000006970018,475.311000001966,0.0
12.21500000974629,1.6750000067986548,0.0,1553.68900000758
0.0,8.316000006743707,282.25500001281034,132.6460000127554
11.15199999185279,42.01499999908265,0.0,1601.2049999990268
0.0,0.7929999992484227,906.9410000083735,513.8530000112951
0.0,1.70899998920504,0.18699999782256782,1917.5539999996545
33.56899999198504,0.0,383.16800000029616,110.6759999966016
0.5040000105509534,1.3190000026952475,0.0,1620.6830000010086
43.48799999570474,0.0,750.2559999993537,557.3129999975208
76.00399998773355,0.0,42.85499999241438,1068.1809999950929
11.2890000018524,0.0,883.9260000095237,984.8469999997178
0.0,0.7849999965401366,8.694000003742985,1435.5260000011185
0.0,5.067000005510636,771.4469999918947,430.04999999538995
7.385999997495674,7.859000004827976,0.0,1299.39299999387
0.9669999999459833,0.0,1200.8249999926193,295.80299998633564
0.0,75.24900000134949,4.046000001835637,846.6740000003483
0.0,0.4380000027595088,526.1960000061663,1.5830000047571957
6.8469999969238415,1.0620000102790073,0.0,2000.8800000068732
0.16500000492669642,0.0,6.823999996413477,0.14400000509340316
4.698999997344799,0.48099999548867345,0.0,1731.4360000018496
1.5290000010281801,26.501999993342906,0.0,1.8180000042775646
0.0,13.313999996171333,56.4709999889601,2613.53699999745
2.582999994046986,0.0,7.314999995287508,1.42599998798687
22.183000008226372,0.0,102.38399999798276,1971.683000010671
0.0,40.0519999966491,106.03399999672547,65.66300000122283
3.0229999974835664,17.45499999378808,0.0,2235.1809999963734
11.934000009205192,0.0,9.273000003304332,11.847000001580454
177.0410000026459,85.90900000126567,0.0,2271.46800000628
2.2450000105891377,30.94500000588596,0.011000010999850929,0.0
0.0,5.512000003363937,0.5570000066654757,2285.9040000039386
0.6229999999050051,19.937000004574656,49.82600000221282,0.0
0.1990000018849969,15.644000013708137,0.0,2485.2830000018002
1.8770000024233013,2.2129999997559935,0.0,0.41900000360328704
16.51299999502953,0.0,10.727999993832782,1630.0199999968754
1.5810000040801242,13.647999992826954,0.0,0.28199999360367656
8.616000006441027,0.7230000046547502,0.0,2114.93199999677
58.91499998688232,0.0,1.141999993706122,64.64199999754783
30.03599999647122,10.073999990709126,0.0,2119.076999995741
1.1689999955706298,0.0,1.1640000011539087,1.1669999948935583
6.267000004299916,0.0,0.43899999582208693,2191.7519999988144
2.5839999871095642,4.931999996188097,0.0,5.817999990540557
0.1429999974789098,10.704000000259839,0.0,2517.9519999946933
45.471000004909,23.854999992181547,0.0,2.3720000026514754
0.03800001286435872,0.08100000559352338,0.0,2286.0840000066673
1.8909999926108867,1.7979999975068495,1.0130000009667128,0.0
0.0,68.05500001064502,31.277000001864508,1620.9139999991748
1.201000006403774,4.186000005574897,11.733000006643124,0.0
71.32899999851361,18.49699999729637,0.0,2084.092999997665
131.01899999310263,7.061999989673495,0.0,5.875999995623715
0.0,4.014000005554408,4.406000007293187,1995.193000009749
13.162000002921559,0.0,2.626000001328066,1.5619999903719872
6.562000009580515,0.0,39.97399999934714,2192.9999999993015
5.621999996947125,0.0,3.064000004087575,1.8169999966630712
2.21800000872463,6.166999999550171,0.0,2135.720999998739
17.204000003403053,0.0,2.5489999970886856,55.45899999560788
0.0,3.085999996983446,0.44299999717622995,1203.0939999967813
3.3269999985350296,8.099999991827644,0.0,0.985999999102205
1.7349999980069697,0.0,5.196999991312623,2842.6649999892106
1.4570000057574362,0.0,1.4470000023720786,1.4470000023720786
5.319999996572733,0.0,0.3589999978430569,2431.446999995387
5.833999995957129,44.724999999743886,0.0,9.831000003032386
0.0,0.530999997863546,0.02300000051036477,1348.043999998481
0.0,2.110999994329177,1.2040000001434237,4.371000002720393
102.60900000866968,7.326999999349937,0.0,1670.103000011295
0.2499999973224476,9.307000000262633,0.0,0.28700000257231295
1.5620000049239025,0.0,1.8129999953089282,2398.828000004869
39.96500000357628,0.0,53.725999998277985,19.9750000028871
0.0,1.5239999920595437,0.02300000051036477,2050.3959999914514
5.445000002509914,3.7749999901279807,0.0,1.0529999999562278
57.43400000210386,0.0,108.86700000264682,1883.257000008598
8.30800000403542,17.070000001695007,0.5450000026030466,0.0
0.07399999594781548,0.7909999985713512,0.0,1895.833999995375
57.02900000324007,55.080999998608604,0.0,14.655000006314367
0.0,7.67400000768248,0.07800001185387373,1892.996000009589
2.0450000010896474,6.032999997842126,7.608999992953613,0.0
41.94199999619741,82.75000000139698,0.0,2064.6059999999125
0.0,3.10400000307709,0.9960000024875626,5.7850000011967495
51.51800000749063,0.0,5.667000004905276,1420.748000004096
0.21600000036414713,0.0,0.1320000010309741,5.688999997801147
4.85300000582356,0.5260000034468248,0.0,1169.5480000053067
0.7489999989047647,1.5029999922262505,0.0,5.143000002135523
5.634000001009554,0.0,61.47200000123121,1838.036999994074
2.3570000048493966,0.22100000933278352,0.0,2.355000004172325
1.5019999991636723,0.0,2.2779999999329448,2146.6760000039358
6.328999996185303,0.0,80.82099999592174,6.349000002956018
0.0,0.3139999898849055,14.681000000564381,1908.7670000008075
0.07500000356230885,0.2700000040931627,29.92400000221096,0.0
97.62400000181515,0.0,51.154000000678934,1517.933000010089
7.94799999857787,17.466999997850507,0.0,1.1369999992894009
6.00500000291504,0.0,3.4909999958472326,2501.209000009112
59.423999991849996,0.0,33.595999993849546,11.107999991509132
0.54600001021754,6.869000004371628,0.0,2169.7209999983897
2.730999985942617,2.4979999870993197,3.4699999960139394,0.0
64.17100000544451,0.0,211.1389999918174,2054.1839999932563
3.3980000007431954,0.0,3.0110000079730526,2.4839999969117343
0.0,1.8149999959859997,2.2099999914644286,2036.0679999866989
5.740000007790513,0.0,58.73200000496581,17.760000002454035
2.650000009452924,0.0,0.5250000103842467,1950.3200000035577
1.1589999921852723,0.0,1.1439999943831936,1.1369999992894009
4.65299999632407,0.15400000847876072,0.0,2390.5590000067605
0.0,0.5040000105509534,2.6840000064112246,3.0980000010458753
3.8979999953880906,4.65299999632407,0.0,2528.9019999909215
81.64200000464916,0.0,20.74200000788551,43.03900001104921
3.104999996139668,0.04600000102072954,0.0,2188.488999992842
6.912999990163371,34.677000003284775,0.0,5.141999994521029
64.29899999056943,0.0,7.815999997546896,2114.3969999975525
2.1699999924749136,7.213000004412606,3.951999999117106,0.0
0.678999989759177,6.8389999942155555,0.0,2532.640999997966
46.91399999137502,0.0,0.9139999892795458,0.8649999945191666
4.402000005939044,0.0,55.24499999592081,2059.0720000036526
5.039999989094213,1.5259999927366152,0.5180000007385388,0.0
51.26300000119954,0.0,50.5189999967115,2420.1520000060555
1.4229999942472205,1.1640000011539087,5.202999993343838,0.0
32.14599999773782,23.182999997516163,0.0,2739.822000003187
40.30600000987761,3.20099999953527,0.0,64.2130000051111
0.0,1.1900000099558383,0.2700000040931627,2212.8190000075847
1.983999987714924,6.869999997434206,0.0,0.30499999411404133
7.830999995348975,0.0,8.48799999221228,1363.134999992326
1.4539999974658713,0.0,1.4530000044032931,1.4570000057574362
5.134999999427237,0.0,1.6710000054445118,2319.585000004736
30.215999999199994,0.08399999933317304,7.830000002286397,0.0
9.946999998646788,0.0,6.194000001414679,2197.188999998616
0.48600000445730984,0.219000008655712,3.683000002638437,0.0
66.07299999450333,0.0,37.186000001383945,1597.741000005044
4.561000008834526,6.806000004871748,0.0,5.8290000015404075
0.0,3.4900000027846545,46.2110000080429,1648.4679999994114
60.18899999617133,0.0,46.15199999534525,23.314999998547137
5.319000003510155,4.043000008095987,0.0,2160.6750000064494
70.92299999203533,0.0,9.726999996928498,2.278999992995523
3.1430000090040267,56.9590000086464,0.0,2087.401000011596
0.0,9.58600000012666,3.3659999899100512,1.0469999979250133
0.0,0.04199999966658652,4.737000010209158,2679.4340000051307
93.68599999288563,3.1789999920874834,0.0,4.853999998886138
2.7790000021923333,0.0,3.9640000031795353,1863.6360000091372
56.35699999402277,5.583999998634681,0.7170000026235357,0.0
0.0,7.061000011162832,64.5560000120895,2492.6570000097854
1.8580000032670796,3.7010000087320805,0.44800000614486635,0.0
0.0,1.795999996829778,1.8430000054650009,1993.9909999957308
6.552999999257736,0.0,0.3020000003743917,0.37400001019705087
4.554999992251396,0.1669999910518527,0.0,1573.3990000007907
2.7709999994840473,6.976000004215166,1.899000009871088,0.0
130.23199999588542,0.0,61.260000002221204,2070.416999995359
4.169000007095747,0.0,1.6180000093299896,2.2840000019641593
0.6719999946653843,6.8749999918509275,0.0,2535.134999998263
72.51199999882374,47.8819999989355,105.8820000034757,0.0
3.07799999427516,7.242000006954186,0.0,1356.631999995443
12.688999995589256,7.454999999026768,0.0,0.5419999943114817
83.585000000312,7.920999996713363,0.0,2128.5639999987325
0.03399999695830047,0.530999997863546,8.935999998357147,0.0
2.206000004662201,4.449000000022352,0.0,2771.7950000078417
16.684000001987442,21.829999997862615,0.0,41.851000001770444
0.5640000017592683,0.0,2.191000006860122,2049.792999998317
0.5030000029364601,0.690999993821606,0.0,0.2499999973224476
0.0,6.384000007528812,2.1360000100685284,2153.6330000089947
1.1920000106329098,0.19200000679120421,4.983000006177463,0.0
0.0,0.9489999938523397,0.7499999919673428,2299.362999998266
57.06500000087544,52.758999998332,0.0,5.5299999949056655
0.7449999975506216,6.380999999237247,0.0,1685.615999987931
0.26300000899937004,0.0,0.2539999986765906,0.259000007645227
3.7749999901279807,0.45599999430123717,0.0,2269.5259999891277
3.375999993295409,4.2489999905228615,33.44899999501649,0.0
2.884999994421378,39.63099999236874,0.0,2169.4060000008903
41.89800001040567,59.34200000774581,0.0,7.97700000111945
4.6679999941261485,51.06899999373127,0.0,1892.941999991308
2.9860000067856163,0.09800000407267362,0.0,0.16399999731220305
85.77799999329727,0.3659999929368496,0.0,1430.2310000057332
10.164000006625429,0.21300000662449747,0.0,3.5619999980553985
11.964999997871928,0.0,2.7990000089630485,2655.824000001303
44.08599999442231,17.80499999586027,45.4769999923883,0.0
1.9889999966835603,0.0,2.246999996714294,1529.9919999961276
0.0,1.065000004018657,0.14600000577047467,4.495000001043081
41.89300000143703,0.0,9.200000000419095,1853.8899999985006
1.0970000002998859,12.084000001777895,0.35799999022856355,0.0
1.6179999947780743,0.0,2.8069999971194193,2385.532999993302
111.82600000756793,13.977000009617768,0.7840000034775585,0.0
8.82899999851361,0.0,4.300000000512227,2044.1260000079637
3.7429999938467517,0.0,0.6339999963529408,0.674999988405034
0.674000009894371,39.324000012129545,0.0,2177.4330000043847
0.1230000052601099,0.0,0.16500000492669642,0.12100000458303839
4.440999997314066,0.47400000039488077,0.0,1902.7050000004238
32.835999998496845,0.0,23.77300000807736,50.7460000080755
0.0,3.2030000002123415,53.411000000778586,2533.083999995142
26.738999993540347,0.0,5.982000002404675,6.932999996934086
93.89399999054149,54.24099999072496,0.0,1947.0379999984289
4.835999992792495,0.0,5.290999994031154,4.820999994990416
2.7449999906821176,0.0,3.048999991733581,2327.235999997356
20.981999987270683,0.0,36.93299999576993,105.4020000010496
8.354999998118728,2.3000000073807314,0.0,1726.0630000091624
0.0,1.839999997173436,0.26200000138487667,1.0559999936958775
86.69900000677444,12.400000006891787,0.0,1495.177999997395
5.495999997947365,0.0,0.3470000083325431,0.24200000916607678
3.528000001097098,3.4670000022742897,0.0,2342.6309999922523
67.24600000598002,0.0,39.09900000144262,1.931000006152317
0.0,6.018999993102625,49.94700000679586,1726.213000001735
5.118000000948086,2.6409999991301447,0.0,1.0020000045187771
13.187999997171573,61.818999995011836,0.0,1556.7000000010012
3.84699999995064,1.1910000030184165,1.6590000013820827,0.0
3.9969999925233424,4.504999989876524,0.0,2470.2459999971325
2.407000007224269,0.0,0.3090000100200996,5.400000009103678
6.131000001914799,0.39600000309292227,0.0,1628.668999997899
1.1389999999664724,8.693000010680407,0.6420000136131421,0.0
157.61599999677856,0.0,25.46599999186583,2509.3309999938356
31.717999998363666,30.264000000897795,0.0,0.13499999477062374
5.1740000053541735,0.702000004821457,0.0,1912.8749999945285
151.41500000027008,53.25599999923725,0.0,12.770999994245358
1.4979999978095293,7.05099999322556,0.0,1802.1019999869168
2.6490000018384308,17.73700000194367,2.6399999915156513,0.0
110.30099999334197,24.600999997346662,0.0,1753.9680000045337
7.846000007702969,5.035000009229407,0.0,2.1899999992456287
9.198999992804602,35.64399998867884,0.0,2083.7119999923743
85.55099999648519,34.39099999377504,12.91599999240134,0.0
0.231999991228804,7.551999995484948,0.0,1960.7499999983702
2.670999994734302,6.354999990435317,0.0,2.6070000021718442
65.26799999119248,0.0,1.9049999973503873,2083.027000000584
5.434000006061979,0.0,5.326000013155863,1.9890000112354755
24.26500000001397,0.0,4.734000001917593,2291.1040000035428
15.936000010697171,11.775999999372289,3.9640000031795353,0.0
13.422000003629364,0.0,8.83099999919068,1858.5670000029495
1.0339999862480909,0.0,0.8729999972274527,0.8519999973941594
5.273000002489425,0.0,0.5289999971864745,1810.8859999920242
4.444999998668209,7.7369999926304445,0.0,17.208999997819774
0.031000003218650818,0.32500000088475645,0.0,2156.988000002457
69.97100000444334,23.086000001057982,0.0,16.942000002018176
0.2989999920828268,4.135999988648109,0.0,1865.4889999888837
0.45399999362416565,8.944000001065433,2.1529999939957634,0.0
29.471000001649372,0.0,23.182999997516163,2047.0280000008643
2.5400000013178214,0.32700000156182796,0.010000003385357559,0.0
0.30700000934302807,6.307000003289431,0.0,1965.7180000067456
17.229999997653067,31.352000005426817,0.0,3.0030000052647665
0.0,1.4159999991534278,22.666999997454695,1214.8230000020703
6.772999986424111,1.9299999985378236,0.0,6.775999994715676
15.92499999969732,11.866000000736676,0.0,1808.2950000098208
14.830000000074506,4.893000004813075,0.0,12.463999999454245
4.333999997470528,0.0,5.966999990050681,2779.7949999949196
10.483999998541549,38.797999994130805,0.0,109.44800000288524
0.0,5.967999997665174,1.436999998986721,1836.1189999995986
4.455999995116144,0.0,4.031999997096136,1.7139999981736764
136.4319999993313,46.08800000278279,0.0,1323.07800000126
1.1070000036852434,0.0,1.0970000002998859,1.0990000009769574
4.992000001948327,0.34100000630132854,0.0,2012.3149999999441
102.62100001273211,2.6630000065779313,350.51500001281966,0.0
2.934000003733672,45.789000010699965,0.0,1816.5240000089398
10.964000000967644,46.78399999102112,0.0,57.337999998708256
15.404000005219132,42.01499999908265,0.0,1878.1620000081602
0.0,7.886000006692484,0.05300001066643745,0.010000003385357559
1.8949999939650297,0.0,0.6290000019362196,2076.8319999915548
58.90499999804888,134.49700000637677,39.42500000994187,0.0
0.5089999904157594,4.064999986439943,0.0,1751.6659999964759
3.979000000981614,0.5890000029467046,1.5890000067884102,0.0
75.31499999458902,0.0,2.737999995588325,1614.4769999955315
0.0,6.519999995362014,0.7539999933214858,0.30699999479111284
1.6150000010384247,7.429999997839332,0.0,1934.5940000057453
9.685000011813827,27.2430000040913,0.0,14.940000008209608
4.95000000228174,7.69100000616163,0.0,1673.5920000064652
22.691000005579554,0.0,29.45900001213886,9.507000009762123
54.93299999216106,0.0,16.138999999384396,1378.8090000016382
8.096000005025417,4.74999999278225,0.0,0.3690000012284145
7.880999997723848,0.0,1.8660000059753656,2373.7309999996796
0.062000006437301636,0.0,7.9519999999320135,0.07999999797903001
5.120000001625158,0.0,0.06399999256245792,2074.765999990632
9.42300001042895,5.577999996603467,0.0,2.1380000107456
11.49499999883119,12.759999997797422,0.0,1086.528999992879
4.830000005313195,0.0,749.3479999975534,745.3990000067279
0.14899999951012433,3.5340000031283125,0.0,1996.2110000051325
5.3740000003017485,0.0,4.7119999944698066,176.073999988148
2.6000000070780516,2.7289999998174608,0.0,1469.2619999987073
3.7849999935133383,0.0,18.789999987347983,443.03899999067653
62.12799999048002,15.663999991375022,0.0,1401.851999995415
0.0,7.786000001942739,694.3489999976009,870.6490000040503
1.1280000035185367,3.332000007503666,0.0,1949.6499999950174
0.6629999988945201,0.0,188.25599999399856,350.8549999969546
0.0,3.18100000731647,2.1090000082040206,1493.3429999946384
0.0,7.334000008995645,500.8159999997588,77.00400000612717
74.495000008028,55.33100001048297,0.0,1841.484999997192
0.0,7.458999985828996,618.9719999965746,0.5189999938011169
0.0,7.389999998849817,0.1399999891873449,1486.9929999986198
0.0,25.98500000021886,1126.7119999974966,59.20299999706913
10.168000007979572,2.9110000032233074,0.0,994.5630000001984
0.029000002541579306,0.0,1261.4990000001853,250.64800000109244
4.952000002958812,0.7659999973839149,0.0,447.5129999918863
5.558999997447245,1.516999996965751,847.0539999980247,0.0
1.9930000125896186,6.0400000074878335,0.0,1886.3560000027064
74.63000000279862,3.3540000003995374,0.0,47.333000009530224
1.1799999920185655,0.46799999836366624,0.0,1735.0189999997383
6.397000004653819,2.1450000058393925,381.3730000110809,0.0
1.5979999880073592,51.2109999981476,0.0,2185.327999992296
0.9750000026542693,9.850000002188608,0.0,1.2589999969350174
3.276999996160157,0.0,9.874000010313466,2318.9970000094036
45.74200000206474,0.0,8.142000006046146,3.3379999949829653
0.0,66.81300001218915,9.407000005012378,2050.280000010389
0.010000003385357559,16.586999990977347,1.5830000047571957,0.0
44.21500000171363,1.7080000106943771,0.0,1852.7260000118986
45.89300000225194,4.020000007585622,0.9510000090813264,0.0
10.869999998249114,75.10200000251643,0.0,2653.73200000613
8.163999998942018,13.414999993983656,0.28899998869746923,0.0
0.0,10.292999999364838,7.819000005838461,2032.1530000073835
40.578000000095926,0.0,2.8230000025359914,2.9020000074524432
0.0,12.12400000076741,24.091999992378987,1590.635000000475
0.9399999980814755,0.0,0.941999998758547,0.933999996050261
4.239000001689419,31.398999999510124,0.0,2180.9070000017527
2.542000001994893,46.958000006270595,21.99300000211224,0.0
0.0,0.2479999966453761,1.8300000083399937,1675.3660000103991
1.6529999993508682,5.982999995467253,0.8649999945191666,0.0
0.0,11.048999993363395,4.8749999987194315,2411.2549999990733
0.07300000288523734,2.5120000063907355,1.5019999991636723,0.0
0.0,8.684000000357628,0.057999990531243384,1207.0649999950547
0.622000006842427,0.0,50.76700000790879,47.730000005685724
1.5779999957885593,0.0,1.919999995152466,1584.4660000002477
4.06999999540858,1.8790000031003729,0.0,0.11799999629147351
7.547999994130805,8.471999986795709,0.0,2208.104999997886
4.161999997450039,0.7609999884152785,12.57499998610001,0.0
0.2539999986765906,0.0,0.21399999968707561,2009.9130000016885
61.588000011397526,35.135000012815,0.0,14.106000002357177
1.556999995955266,0.9909999935189262,0.0,2363.9790000015637
2.2200000094017014,4.992000001948327,1.5850000054342672,0.0
0.0,37.94700000435114,16.373000005842187,1302.2729999938747
4.717000003438443,1.3069999986328185,1.5039999998407438,0.0
0.0,3.016999995452352,1.3239999971119687,1912.7430000080494
0.0,5.592000001342967,4.729000007500872,0.011000010999850929
5.237000004854053,0.0,0.8689999958733097,2062.0040000067092
5.571999994572252,0.0,5.097999994177371,7.226000001537614
16.638000000966713,0.0,33.27299999364186,2095.4340000025695
8.513000007951632,2.574000012828037,4.8430000024382025,0.0
0.0,0.4760000010719523,2.6590000052237883,2091.628000009223
0.0,9.600999997928739,28.168999997433275,37.31800000241492
0.7369999948423356,0.5240000027697533,0.0,1771.1940000008326
0.0,2.3559999972349033,0.47300000733230263,5.514000004041009
156.68000000005122,0.0,76.16899999266025,1609.266999992542
7.201000000350177,0.0,0.3770000039367005,7.765000002109446
0.0,44.91400001279544,0.025000001187436283,2713.9070000121137
32.14099998876918,0.0,3.994999991846271,90.33599999384023
1.8699999927775934,2.968999993754551,0.0,1632.0160000032047
2.8600000077858567,3.0380000098375604,2.254000006360002,0.0
65.91699999989942,0.0,49.377999996067956,2538.4289999929024
0.14600000577047467,7.431000005453825,0.0,0.04600000102072954
0.5579999997280538,5.311000000801869,0.0,2431.664000003366
60.682999988785014,38.33199999644421,0.0,14.110999996773899
2.721999990171753,2.110999994329177,0.0,2179.002999997465
1.2710000009974465,0.0,1.269999993382953,1.2679999927058816
5.333000008249655,0.03199999628122896,0.0,1749.7020000009798
9.05100000090897,32.14300000399817,0.9169999975711107,0.0
0.0,0.1829999964684248,1.0780000011436641,2442.3380000080215
70.64999999420252,54.454999990412034,0.0,14.113999990513548
1.145000001997687,0.0,42.22200000367593,2215.987999996287
4.6279999951366335,3.84699999995064,0.0,0.06999999459367245
10.834000000613742,23.288999989745207,0.0,2095.7669999916106
1.1590000067371875,11.671000000205822,1.1590000067371875,0.0
40.305000002263114,7.989999998244457,0.0,1482.852000001003
80.52099999622442,10.924999995040707,0.0,8.126999993692152
2.1850000048289075,3.886999998940155,0.0,2493.145000000368
3.4029999951599166,4.784000004292466,1.9290000054752454,0.0
0.0,13.267000002088025,65.00899999809917,1613.5070000018459
3.5930000012740493,3.3830000029411167,0.0,1.5540000022156164
0.025000001187436283,2.23500000720378,0.0,2754.9160000053234
3.4979999909410253,12.176999996881932,0.0,13.444999989587814
0.0,3.1780000135768205,29.701999999815598,1450.1670000026934
0.0,3.1100000051083043,0.0040000013541430235,11.650000000372529
7.926999998744577,15.731999999843538,0.0,1614.8949999915203
1.0310000070603564,0.0,1.0220000112894922,1.0320000001229346
3.8690000073984265,0.1610000035725534,0.0,2295.48000000068
5.2859999996144325,13.268999988213181,3.3349999866914004,0.0
0.0,3.144999995129183,43.00999999395572,1451.852999991388
2.80100000964012,1.7590000061318278,38.12599999946542,0.0
68.72999999905005,0.0,84.69099999638274,2176.631999987876
0.010000003385357559,1.3869999966118485,0.9009999921545386,0.0
0.6050000083632767,7.863999999244697,0.0,1688.6630000080913
0.0,18.721999993431382,138.38899999973364,82.69599999766797
0.0,1.2069999938830733,5.552000002353452,2161.8560000060825
0.6490000087069348,8.218000002671033,2.894000004744157,0.0
0.0,7.371999992756173,43.69299999962095,1681.4250000024913
7.290000008651987,2.3999999975785613,0.31600000511389226,0.0
0.8059999963734299,1.38899999728892,0.0,1454.8890000005485
10.484999991604127,55.4989999945974,0.0,9.579999998095445
14.51900000392925,3.34399999701418,0.0,1704.43399999931
0.00100000761449337,9.491000004345551,0.0,0.5209999944781885
0.0,15.618999997968785,6.509999991976656,2001.693999991403
0.15100000018719584,4.170000000158325,0.003000008291564882,0.0
0.9439999994356185,0.0,2.3770000116201118,2422.9560000094352
9.33400000212714,0.0,2.625000008265488,1.3190000026952475
4.30400000186637,0.3240000078221783,0.0,1924.8010000010254
0.0,2.646000008098781,4.821000009542331,6.2319999997271225
54.700000007869676,7.150000004912727,0.0,2946.4110000117216
0.411000000895001,35.40700000303332,0.0,58.204999993904494
10.173000002396293,0.0,2.431000000797212,2060.3249999985565
80.29300000634976,7.841000013286248,0.0,57.53100001311395
0.0,1.896000001579523,0.09600000339560211,2011.7370000079973
0.0,3.9770000003045425,3.1580000068061054,1.6730000061215833
25.575000006938353,21.132000008947216,0.0,1854.272000011406
4.759999996167608,0.0,1.9590000010794029,1.9630000024335459
0.8680000028107315,2.793999999994412,0.0,2216.5490000043064
0.8760000055190176,21.13600001030136,6.0360000061336905,0.0
27.589999997871928,2.359000005526468,0.0,2031.423000007635
0.0,40.8890000107931,4.778000002261251,0.7949999999254942
91.48999999160878,42.673000003560446,0.0,1900.5789999937406
0.3189999988535419,4.178000002866611,0.04299999272916466,0.0
2.0850000000791624,7.779000006848946,0.0,2010.9970000048634
53.77299999236129,43.80299999320414,17.446999991079792,0.0
0.0,3.8099999947007746,0.33099998836405575,2274.104999989504
0.9549999958835542,0.0,0.9629999985918403,0.950000001466833
6.460999997216277,0.0,1.7349999980069697,1350.693999993382
0.0,5.835000003571622,4.937999998219311,3.4900000027846545
0.0,8.648000002722256,0.4920000064885244,2285.545999999158
0.0,36.722999997437,8.178999996744096,1.2799999967683107
1.9330000068293884,8.505999998305924,0.0,1615.7810000004247
3.276000003097579,3.1400000007124618,0.5010000022593886,0.0
64.58600000769366,0.0,91.71500000229571,1997.2240000060992
1.149999996414408,6.582000001799315,0.0,4.124999992200173
0.8329999982379377,13.474999999743886,0.0,2144.880000007106
53.2039999961853,0.0,1.6830000095069408,3.1069999968167394
1.0240000119665638,9.224000008543953,0.0,2270.464000001084
0.5390000005718321,2.2010000102454796,0.7290000066859648,0.0
0.0,81.34400000562891,43.69500000029802,1848.273000010522
77.87100000132341,52.765999993425794,0.6350000039674342,0.0
0.33099998836405575,13.289999988046475,0.0,2649.202000000514
63.10299999313429,4.361999992397614,34.98799999943003,0.0
0.0,4.245999996783212,0.16500000492669642,1634.9409999966156
2.7200000040465966,6.310000011580996,6.256000007851981,0.0
79.40300001064315,0.0,27.70000000600703,2266.8330000014976
0.9169999975711107,0.0,0.9049999935086817,0.9080000018002465
5.856000003404915,0.37399999564513564,0.0,2479.6709999936866
0.0,29.097000006004237,20.314000008511357,18.899999995483086
0.0,4.7130000020843,42.66700000152923,2139.069000011659
0.0,2.4259999918285757,4.982999991625547,1.2449999921955168
0.0,104.18599999684375,107.23000000871252,1880.7760000054259
10.567000004812144,4.027999995741993,0.0,3.8809999969089404
0.0,41.3399999961257,22.26199999859091,2533.67900000012
2.2610000014537945,15.549999996437691,0.0,45.719999994616956
0.0,36.56500000215601,3.651000006357208,2046.4840000058757
2.7240000054007396,0.0,2.0939999958500266,48.15499999676831
0.0,30.320000005303882,23.94300000742078,2256.4220000058413
10.682000007363968,4.782999996677972,0.0,10.055999999167398
0.07599999662488699,4.069000002346002,0.0,2312.974000000395
0.0,15.355000010458753,3.081000002566725,8.551000006264076
0.0,5.596999995759688,0.9540000028209761,1674.39299999387
2.246000003651716,6.366999994497746,0.0,0.06299999949987978
26.322000005166046,4.8030000034486875,0.0,1672.907000000123
1.975999999558553,4.387999986647628,7.375999994110316,0.0
0.8200000011129305,0.08099999104160815,0.0,1112.2869999962859
1.10599999607075,4.915999990771525,0.008999995770864189,0.0
4.228999998304062,0.4020000051241368,0.0,2229.477999993833
8.60800000373274,4.111999995075166,0.0,2.8840000013587996
78.60100000107195,0.0,77.64299999689683,2152.277999994112
0.22400000307243317,4.639999999199063,0.0,7.280000005266629
0.0,2.290000003995374,0.3770000039367005,2335.3530000022147
18.01500000874512,0.0,54.9650000029942,51.46699999750126
3.9959999994607642,0.0,3.229999987524934,2337.3589999973774
0.8200000011129305,2.0220000005792826,0.0,0.3040000010514632
19.74599999084603,14.823999998043291,0.0,2381.383999992977
41.67399999278132,5.330999993020669,0.0,0.03599999763537198
1.75199999648612,4.813999999896623,0.0,1795.5819999915548
0.0,7.666999998036772,33.55199999350589,9.389999991981313
4.199000002699904,1.4070000033825636,0.0,1949.3420000071637
2.8390000079525635,5.447000003186986,0.0,3.26399999903515
32.38600000622682,9.36300000466872,0.0,2011.5870000008726
2.8989999991608784,6.855999992694706,0.004999994416721165,0.0
6.476999988080934,3.96399998862762,0.0,2091.8109999911394
0.0,16.975999998976476,9.235000004991889,38.57900000002701
2.4839999969117343,0.0,10.164999999688007,2015.4320000001462
1.085999989300035,0.0,1.101999994716607,1.0249999904772267
5.179999992833473,0.0,0.22699999681208283,1700.5989999888698
51.90200000652112,0.8159999997587875,0.54600001021754,0.0
0.311999989207834,7.075000001350418,0.0,2339.6260000008624
18.737000005785376,7.563000006484799,20.43200000480283,0.0
53.04099999193568,0.32500000088475645,0.0,2116.720999998506
0.0,0.10000000474974513,0.38400001358240843,6.814000007580034
136.84200000716373,36.319999999250285,0.0,1342.594999994617
12.176000003819354,4.979999997885898,0.0,51.98999999265652
10.203999991063029,3.304999991087243,0.0,2338.7280000024475
17.995999995036982,28.41699999407865,0.0,20.462999993469566
0.7999999943422154,4.48399999004323,0.0,2222.72599999269
0.0,2.681000012671575,0.5020000098738819,5.280000012135133
0.0,27.065000002039596,27.587999997194856,1856.062999999267
18.34199999575503,7.830999995348975,0.0,0.6949999951757491
3.488999995170161,3.5099999950034544,0.0,2305.7709999993676
2.0010000007459894,11.876000004122034,0.0,65.98699999449309
6.03899999987334,0.375000003259629,0.0,2276.3299999933224
1.6230000037467107,4.983999999240041,0.0,2.682000005734153
0.0,48.1279999949038,61.48899999971036,2082.5259999983246
1.273000001674518,0.0,1.269000000320375,1.2779999960912392
4.88999999652151,0.0,0.0020000006770715117,2065.41599999764
0.0,6.575999999768101,6.414999996195547,0.9489999938523397
1.552999994601123,19.522000002325512,0.0,2063.70899999456
0.4530000005615875,8.256999994046055,0.0,0.2339999919058755
98.7909999967087,0.0,100.81399999035057,2387.940999993589
0.33399999665562063,5.347999991499819,0.0,0.7530000002589077
0.4419999895617366,4.577999992761761,0.0,2352.125999997952
91.55299999110866,48.630000004777685,191.0009999992326,0.0
12.192999987746589,0.0,0.23099999816622585,1573.3369999943534
0.7620000105816871,2.9540000105043873,0.44600000546779484,0.0
104.74600001180079,0.0,28.862000006483868,2133.966000008513
0.0,8.849000005284324,2.657999997609295,0.05400000372901559
0.7670000049984083,1.568000006955117,0.0,2484.8070000007283
8.349000010639429,9.562999999616295,0.0,57.14499999885447
6.3670000090496615,1.3679999974556267,0.0,1589.4350000016857
0.5850000015925616,7.167999996454455,0.0,0.24900000425986946
83.27499999722932,0.0,0.8280000038212165,1582.8079999919282
0.21800000104121864,6.475000001955777,0.015999990864656866,0.0
0.07000000914558768,3.720000007888302,0.0,2452.6370000094175
6.35899999178946,0.0,0.1399999891873449,0.11300000187475234
4.612999997334555,0.0,0.23999999393709004,1534.7719999990659
3.452999997534789,5.8969999954570085,0.0,0.7499999919673428
136.03799999691546,0.0,1.9529999990481883,2415.2739999990445
1.9699999975273386,5.226000008406118,5.648000005749054,0.0
0.8609999931650236,1.9069999980274588,0.0,2500.0319999962812
0.0,10.611000005155802,47.35700000310317,10.334999999031425
7.0899999991524965,0.0,4.49300000036601,1815.961000000243
1.0150000016437843,0.0,0.9719999943627045,0.9529999952064827
153.93600000243168,0.0,39.37100000621285,2052.084000009927
60.84799999371171,2.110999994329177,0.0,3.72399999469053
0.0,4.297999999835156,0.4199999966658652,2348.8720000023022
40.957999997772276,50.19900000479538,95.33500000543427,0.0
1.9789999932982028,4.677999997511506,0.0,1844.6980000007898
1.6619999951217324,0.5949999904260039,4.656999997678213,0.0
45.840999999199994,0.0,3.640000009909272,1992.3669999989215
0.4689999914262444,5.923000004258938,0.0,0.5039999959990382
1.7990000051213428,0.0,0.3699999942909926,2278.988999998546
5.862999998498708,33.53600000264123,24.363000004086643,0.0
1.6330000071320683,2.2730000055162236,0.0,1735.2340000070399
1.0089999996125698,0.0,1.0089999996125698,1.0309999925084412
4.899999999906868,0.5480000108946115,0.0,1798.7040000007255
1.971000005141832,3.8400000048568472,9.376999994856305,0.0
0.0,49.00800000177696,1.5270000003511086,2626.4480000099866
42.973000003257766,22.160000007716008,0.0,59.05400001211092
0.0,11.91800000378862,1.5739999944344163,2229.77799999353
1.1649999942164868,5.237999997916631,0.0,1.344999996945262
95.78700001293328,44.27800000121351,0.0,1978.5180000035325
0.0,8.015999992494471,0.30499999411404133,0.9309999877586961
55.114999995566905,2.9320000030566007,0.0,2358.4739999932935
18.71499999833759,20.376000000396743,133.84599999699276,0.0
0.0,0.830000004498288,6.0800000064773485,1670.1610000018263
7.17100000474602,9.279000005335547,1.6089999990072101,0.0
64.68700000550598,28.827999994973652,0.0,2125.755000000936
1.524000006611459,0.30100000731181353,2.7669999981299043,0.0
0.31600000511389226,5.894000001717359,0.0,2126.665999996476
38.335000004735775,22.38400001078844,0.0,26.364000004832633
0.09499999578110874,7.069999992381781,0.0,2232.659999994212
7.363999990047887,4.225999990012497,0.0,0.36700000055134296
15.546999988146126,7.38499998988118,0.0,1919.473999994807
1.3460000045597553,0.0,2.219999994849786,35.87300000071991
5.654000007780269,0.0,0.07100000220816582,2789.613000000827
9.745000003022142,12.002999996184371,0.0,29.463999992003664
38.0530000111321,0.0450000079581514,0.0,1617.4549999996088
0.029999995604157448,1.6099999920697883,0.0020000006770715117,0.0
18.220999991171993,32.89599998970516,0.0,1858.1149999954505
13.521000000764616,31.40999999595806,5.9409999958006665,0.0
3.1750000052852556,0.6639999919570982,0.0,2454.09899999504
63.492999994196,41.0109999938868,4.386000000522472,0.0
0.0,2.6190000062342733,1.6559999930905178,2390.4440000042086
0.0,4.075000004377216,28.372999993734993,50.287999998545274
1.7030000017257407,11.362000004737638,0.0,1764.5009999978356
2.1169999963603914,8.075999998254701,1.7820000066421926,0.0
3.010000000358559,0.0,7.046999991871417,2133.084000000963
0.0,55.44299999019131,50.15199999616016,53.5470000031637
0.36299999919719994,2.4039999989327043,0.0,1603.9319999981672
6.190000000060536,4.257999986293726,0.0,1.6269999905489385
0.0,25.055000005522743,30.88400000706315,1260.446000000229
0.5489999894052744,3.7539999902946874,0.0,0.5379999929573387
0.0,7.218999991891906,7.958999995025806,2418.926999991527
5.650999999488704,0.0,0.1320000010309741,0.13100000796839595
4.375000004074536,0.0,0.16200001118704677,1430.8880000025965
33.80999999353662,6.555999992997386,0.0,0.16900000628083944
10.405999986687675,34.33099998801481,0.0,1982.356999986223
2.498999994713813,9.99500000034459,0.0,8.31099999777507
0.0,1.6980000073090196,0.28700000257231295,2573.68800000404
9.777999992365949,18.855999995139427,0.0,10.392999989562668
0.0,22.29799999622628,37.87000000011176,2496.213999998872
30.95200000097975,2.818999986629933,0.0,0.047999987145885825
0.0,33.50299999874551,4.58700000308454,2079.264999993029
0.37299998803064227,3.408999997191131,1.057999994372949,0.0
7.194999998318963,7.423000002745539,0.0,2812.6439999905415
8.517000009305775,53.74800000572577,12.551000007078983,0.0
2.39500000316184,3.2439999922644347,0.0,1441.6769999952521
2.091000002110377,9.738000007928349,2.0740000036312267,0.0
16.40199999383185,28.172999998787418,0.0,1592.2839999984717
1.9120000069960952,19.993000008980744,1.9920000049751252,0.0
0.06900000153109431,7.6249999983701855,0.0,2515.649000008125
4.9589999980526045,26.035000002593733,18.51100000203587,0.0
0.0,4.712000009021722,0.21100000594742596,2458.0319999950007
0.5800000071758404,0.0,0.5789999995613471,0.5800000071758404
5.015000002458692,0.1990000018849969,0.0,1447.2870000026887
0.5990000063320622,3.9870000036899,0.0,3.3260000054724514
7.41099999868311,7.249000002047978,0.0,2914.4559999986086
97.88000000116881,27.488000006997027,0.0,13.24400000157766
0.0,1.6170000017154962,0.3440000000409782,2283.9620000013383
1.7940000107046217,1.7890000017359853,0.0,1.5850000054342672
37.28200000477955,0.0,49.404000004869886,1995.2909999992698
4.3289999885018915,5.827999993925914,0.0,1.213999988976866
1.4930000033928081,2.0769999973708764,0.0,2018.9620000019204
64.73399999958929,11.772999991080724,2.7449999906821176,0.0
2.338999998755753,7.499999992433004,0.0,1478.464999992866
0.3429999924264848,6.437999996705912,47.00099999899976,0.0
152.8390000021318,16.42600000195671,0.0,2050.5040000134613
3.121999994618818,6.347000002278946,0.0,7.702999995672144
0.0,8.728000000701286,2.0960000110790133,1932.5380000082077
45.3609999967739,11.08100000419654,8.127000008244067,0.0
4.938999991281889,4.774000000907108,0.0,2333.44699999725
4.868999996688217,4.2360000079497695,0.5959999980404973,0.0
59.35999999928754,41.75599999143742,0.0,2211.182999992161
1.0429999965708703,0.0,30.476999992970377,1.3719999988097697
4.287999996449798,0.115999995614402,0.0,1398.9509999955771
7.1779999998398125,27.262000003247522,0.0,48.037999993539415
0.6850000063423067,5.969000005279668,0.0,2417.369000002509
0.012999997125007212,4.518999994616024,0.13099999341648072,0.0
0.0,1.0780000011436641,3.1799999997019768,2216.8949999904726
2.681000012671575,5.398000008426607,1.1680000025080517,0.0
0.0940000027185306,14.330999998492189,0.0,1901.3120000017807
86.79300000949297,17.864000008557923,0.0,4.506000012042932
0.23200000578071922,2.976999996462837,0.0,1875.8289999968838
12.098000006517395,5.8160000044154,0.5280000041238964,0.0
32.272999989800155,0.6279999943217263,0.0,1721.3780000020051
1.3659999967785552,1.728000002913177,0.0,6.3839999929768965
3.3159999875351787,8.92300000123214,0.0,2201.9839999993565
90.20500000042375,74.2339999997057,0.0,50.55200000060722
3.0350000015459955,0.0,2.973000009660609,1730.4980000044452
0.36199999158270657,0.3569999971659854,0.0,0.9790000040084124
90.90300000389107,0.0,49.03599999670405,2040.1750000019092
5.338999995728955,5.300999997416511,0.18999999156221747,0.0
9.030999994138256,41.93999999552034,0.0,2272.7840000006836
4.936999990604818,0.0,0.11500000255182385,0.16199999663513154
4.724000013084151,0.20700000459328294,0.0,1854.7850000031758
35.182999999960884,4.182999997283332,1.4949999895179644,0.0
55.67899999732617,28.58899999409914,0.0,2519.2099999985658
7.710000005317852,17.212999999173917,0.0,0.49500000022817403
4.331999996793456,4.310999996960163,0.0,2219.1060000041034
76.7550000018673,27.939000006881543,11.03200000943616,0.0
1.0760000004665926,5.699999994249083,0.0,1555.7980000012321
1.0869999969145283,7.282999999006279,0.973999995039776,0.0
0.0,9.313999995356426,8.149000001139939,1941.2479999882635
1.8199999904027209,4.606000002240762,7.847000000765547,0.0
2.0409999997355044,5.77299999713432,0.0,2690.6830000079935
14.09599999897182,26.47699999215547,0.0,5.0669999909587204
4.822999995667487,3.307999999378808,0.0,1994.751999998698
2.6919999945675954,4.682999991928227,0.0,8.507999998982996
42.78899999917485,23.25399999972433,0.0,1844.8829999979353
0.0,3.903999997419305,0.219000008655712,6.882000001496635
9.730999998282641,3.947000004700385,0.0,2071.1779999983264
92.07899999455549,14.74199999938719,0.0,16.283999997540377
0.006999995093792677,5.0760000012815,0.0,1913.3900000015274
0.05800000508315861,0.0889999937498942,0.0,0.060999998822808266
4.304999994928949,0.2410000015515834,0.0,1925.7209999923361
0.39200000173877925,6.2360000010812655,0.0,0.8480000105919316
0.0,1.6020000039134175,0.48499999684281647,2124.9539999989793
0.0,15.062000005855225,4.77300000784453,49.50000000826549
0.5530000053113326,0.0,0.3460000007180497,1547.7559999999357
2.090000009047799,5.264000006718561,42.654000004404224,0.0
0.0,15.81100000475999,17.37400000274647,2206.644999998389
39.84100000525359,1.6820000018924475,0.0,4.87000000430271
5.564999999478459,2.888999995775521,0.0,2435.8550000033574
1.8859999981941655,7.30499999190215,10.528999991947785,0.0
0.0,5.333000008249655,9.235000004991889,2217.872000008356
7.037000003037974,0.11300000187475234,0.0,47.007000001030974
8.02300000214018,346.2090000102762,0.0,1946.3880000112113
0.0,7.272000002558343,0.9080000018002465,70.98299999779556
0.0,2.3159999982453883,17.184999989694916,2132.6699999917764
59.0550000051735,7.845000000088476,0.0,54.07300000661053
0.0,4.991000008885749,1.329000006080605,2081.8880000006175
2.39799999690149,10.807999991811812,0.6480000010924414,0.0
0.0,10.477999996510334,2.3539999965578318,2248.7419999961276
0.13800000306218863,13.05799999681767,0.00100000761449337,0.0
4.87000000430271,0.0,0.32900000223889947,1812.62300000526
77.52299999992829,50.02500000409782,12.331000005360693,0.0
0.0,1.6179999947780743,4.975999996531755,1900.3019999945536
2.7959999861195683,5.3740000003017485,3.3459999976912513,0.0
0.0,18.029999991995282,3.396000000066124,1974.0009999950416
0.23700000019744039,6.104000000050291,4.87599999178201,0.0
3.348999991430901,3.5849999985657632,0.0,2711.0430000029737
3.6779999936698005,64.61099999432918,0.0,6.273000006331131
0.015999990864656866,6.177999995998107,0.0,2182.4869999982184
1.6869999963091686,6.623000008403324,1.0860000038519502,0.0
0.0,44.18099999020342,13.427999991108663,1811.27999999444
1.241000005393289,3.9530000067315996,1.4870000013615936,0.0
35.105000002658926,14.158000005409122,0.0,2124.5579999958863
8.941000007325783,13.784000009763986,0.0,13.671000007889234
7.709999990765937,8.746999999857508,0.0,2057.2399999946356
28.921999997692183,6.9149999908404425,0.0,0.4369999951450154
0.0,17.276000013225712,0.006000002031214535,1800.2680000063265
0.8629999938420951,7.7369999926304445,0.7999999943422154,0.0
0.0,2.8359999996609986,5.913000000873581,2185.7830000080867
