rank,K,lag,n,rho,p,p_holm
0,2,0,1500,0.03131945544407145,0.22540389264755178,1.0
0,2,1,1499,-0.022720676897425244,0.379371834968275,1.0
0,2,2,1498,-0.013550093204741563,0.6002582697863994,1.0
0,2,3,1497,-0.03416684475386177,0.1864234341659202,1.0
0,2,4,1496,-0.033243444121407804,0.19876585756091195,1.0
0,2,5,1495,0.00940807627824405,0.7162544118997469,1.0
0,2,6,1494,0.028777580295997588,0.2663021038825275,1.0
0,2,7,1493,0.0019604761408113644,0.9396671912868252,1.0
0,2,8,1492,-0.002754301642176639,0.9153444624309184,1.0
0,2,9,1491,-0.012734981369721933,0.6231794049061452,1.0
0,2,10,1490,0.004267042021075766,0.869280439171506,1.0
0,2,11,1489,0.007302099552237082,0.7782982899654755,1.0
0,2,12,1488,-0.03205067020763885,0.2165997280749147,1.0
0,2,13,1487,-0.04749713760576416,0.06709148753786798,1.0
0,2,14,1486,-0.02203727281468172,0.39593928439786763,1.0
0,2,15,1485,0.0012372924708725682,0.9620033148159961,1.0
0,2,16,1484,-0.012819435128338455,0.6216991386658837,1.0
0,4,0,1500,0.005245595547505775,0.8391404467249246,1.0
0,4,1,1499,-0.04031931608904667,0.11867198670069905,1.0
0,4,2,1498,-0.037639520782246715,0.1453649555582775,1.0
0,4,3,1497,-0.01939989411965308,0.4532266852232115,1.0
0,4,4,1496,0.0010021200461219468,0.9691074331820223,1.0
0,4,5,1495,0.012712197236612847,0.6233353928769632,1.0
0,4,6,1494,0.01549899286814292,0.5494355258759999,1.0
0,4,7,1493,-0.00922780013545257,0.7216419524433362,1.0
0,4,8,1492,-0.0035673693206270895,0.8904936112840377,1.0
0,4,9,1491,-0.0014540666732682276,0.9552625431338531,1.0
0,4,10,1490,-0.015219865772199633,0.5571797642005769,1.0
0,4,11,1489,-0.030327685772450458,0.24217901416294724,1.0
0,4,12,1488,-0.03502237004807019,0.17693487234515026,1.0
0,4,13,1487,-0.03330851227810288,0.19924453610020768,1.0
0,4,14,1486,-0.024539102410776843,0.3445077353615644,1.0
0,4,15,1485,-0.006334352889991801,0.8073116730416717,1.0
0,4,16,1484,-0.052471870176756474,0.043274771773319065,1.0
0,8,0,1500,-0.008108156751736246,0.7536950261452645,1.0
0,8,1,1499,-0.030220943652192384,0.2422614769859635,1.0
0,8,2,1498,-0.014820601396296474,0.5665300877006009,1.0
0,8,3,1497,-0.023986272701087233,0.35371209392547476,1.0
0,8,4,1496,-0.005114490722056038,0.8433149798642217,1.0
0,8,5,1495,-0.000929463623625627,0.9713558186408228,1.0
0,8,6,1494,-0.0023441961001784244,0.9278637931623616,1.0
0,8,7,1493,-0.03134922525399461,0.2260499218817853,1.0
0,8,8,1492,-0.018129087913752912,0.48409451043313034,1.0
0,8,9,1491,-0.027600962807227125,0.28684064148687466,1.0
0,8,10,1490,-0.02379432601115614,0.35870660393074405,1.0
0,8,11,1489,-0.03151758462282645,0.22418789149287566,1.0
0,8,12,1488,-0.05708742111025725,0.0276603698169985,1.0
0,8,13,1487,-0.062120090387658415,0.016586306641158774,1.0
0,8,14,1486,-0.052793805550213874,0.041867222938463934,1.0
0,8,15,1485,-0.04060937370981821,0.11776168000924075,1.0
0,8,16,1484,-0.043951941757773894,0.09054314469110578,1.0
0,16,0,1500,-0.025400674189383052,0.32555705545538693,1.0
0,16,1,1499,-0.04874185421718832,0.05920315169280559,1.0
0,16,2,1498,-0.034994690452651335,0.17582615319888692,1.0
0,16,3,1497,-0.04104931200734561,0.11238024708087996,1.0
0,16,4,1496,-0.04398128863169263,0.08903386973559109,1.0
0,16,5,1495,-0.03650559579509136,0.15830747305057266,1.0
0,16,6,1494,-0.03732860436548374,0.14926535852808331,1.0
0,16,7,1493,-0.0507479142124862,0.04993880956841843,1.0
0,16,8,1492,-0.048669397326943586,0.06018135889243365,1.0
0,16,9,1491,-0.05170170822326509,0.0459292446104504,1.0
0,16,10,1490,-0.04767997588819306,0.06577210590748765,1.0
0,16,11,1489,-0.047221864353011844,0.06850619354257376,1.0
0,16,12,1488,-0.05622015911706775,0.030115873505198384,1.0
0,16,13,1487,-0.06680610172774007,0.009970074785879083,0.8275162072279639
0,16,14,1486,-0.05834453341714172,0.024504377831597906,1.0
0,16,15,1485,-0.043454952558361834,0.09414091276937309,1.0
0,16,16,1484,-0.046722142067766065,0.07196649139662643,1.0
0,32,0,1500,-0.05756676375436936,0.02577789527534733,1.0
0,32,1,1499,-0.06833872561567216,0.008126881900298555,0.6826580796250786
0,32,2,1498,-0.059242579663220045,0.021846556255761748,1.0
0,32,3,1497,-0.06100204141379968,0.018252186241815006,1.0
0,32,4,1496,-0.05545618787408861,0.03196876599945951,1.0
0,32,5,1495,-0.048783579970222445,0.059325495150723016,1.0
0,32,6,1494,-0.04978366669409397,0.05437522239073677,1.0
0,32,7,1493,-0.06183997586146832,0.016860164360019223,1.0
0,32,8,1492,-0.05660335590809047,0.028793281428127156,1.0
0,32,9,1491,-0.05582442698046031,0.031126805294470827,1.0
0,32,10,1490,-0.05653643115699379,0.02909111978824844,1.0
0,32,11,1489,-0.05526720570526978,0.03296858226758234,1.0
0,32,12,1488,-0.06386609417308498,0.013737516466614865,1.0
0,32,13,1487,-0.07037023677870245,0.0066340741241580105,0.5638963005534309
0,32,14,1486,-0.06601056416805079,0.010919811116194413,0.8954245115279419
0,32,15,1485,-0.056946137246132136,0.02820723750966782,1.0
0,32,16,1484,-0.06051527175569261,0.019733048541440014,1.0
1,2,0,1500,0.00040489032359979104,0.9874990466217777,1.0
1,2,1,1499,-0.03467470935347068,0.1796668351825141,1.0
1,2,2,1498,-0.027392964376806137,0.2893579228003476,1.0
1,2,3,1497,-0.0642022509397558,0.012971776297511492,0.9728832223133619
1,2,4,1496,-0.053695824779819774,0.037836844662736104,1.0
1,2,5,1495,-0.0006047770714823268,0.9813596917637023,1.0
1,2,6,1494,-0.027525607859979637,0.28767363185255834,1.0
1,2,7,1493,-0.036387488079074555,0.15993893980174403,1.0
1,2,8,1492,-0.015470491975304099,0.5504375803517245,1.0
1,2,9,1491,-0.018467723012140176,0.47611463663693354,1.0
1,2,10,1490,-0.03193846131219209,0.21790395706516477,1.0
1,2,11,1489,-0.016925117713077736,0.5140159250440021,1.0
1,2,12,1488,-0.004203147041337451,0.8713064920233197,1.0
1,2,13,1487,0.0012114437823918928,0.9627714667038757,1.0
1,2,14,1486,-0.0009077671870031379,0.9721086239551291,1.0
1,2,15,1485,-0.009335057486657746,0.719267554727649,1.0
1,2,16,1484,-0.024742599896962234,0.3408460481490403,1.0
1,4,0,1500,-0.014290624464469256,0.5802357876922302,1.0
1,4,1,1499,-0.06251635482208757,0.015486831082682418,1.0
1,4,2,1498,-0.056653380747997785,0.02833307769432258,1.0
1,4,3,1497,-0.05092908385120973,0.048823012360752246,1.0
1,4,4,1496,-0.043466170306793867,0.09284443735479733,1.0
1,4,5,1495,-0.018726567509213435,0.4693574992544297,1.0
1,4,6,1494,-0.03225825520014758,0.2127143562253604,1.0
1,4,7,1493,-0.03331961353032872,0.19818930962813364,1.0
1,4,8,1492,-0.030807401515239204,0.23433562938433708,1.0
1,4,9,1491,-0.02792989101431085,0.28113385145566366,1.0
1,4,10,1490,-0.013311869115111952,0.6076459846695592,1.0
1,4,11,1489,-0.01037887134015415,0.6890314673425493,1.0
1,4,12,1488,0.0027562917192527417,0.9153969261376256,1.0
1,4,13,1487,-0.004974104776496851,0.8480167524735336,1.0
1,4,14,1486,-0.014336501363488503,0.5808001112688059,1.0
1,4,15,1485,-0.032754268911693384,0.20713444978938497,1.0
1,4,16,1484,-0.043868929179344436,0.09115433965005484,1.0
1,8,0,1500,-0.048023939710447744,0.06295891369177245,1.0
1,8,1,1499,-0.06111385669704804,0.017963063857846476,1.0
1,8,2,1498,-0.05350033618157234,0.038411944434787675,1.0
1,8,3,1497,-0.0598884841655428,0.02048767140964415,1.0
1,8,4,1496,-0.05709025691025288,0.027237210788377094,1.0
1,8,5,1495,-0.03761174363431569,0.14606705386421273,1.0
1,8,6,1494,-0.03760784802125367,0.1462440327263204,1.0
1,8,7,1493,-0.03258798641794585,0.20822599638944486,1.0
1,8,8,1492,-0.02094152619276224,0.418914000692298,1.0
1,8,9,1491,-0.01903875782115986,0.4625816123549541,1.0
1,8,10,1490,-0.018258460540342383,0.48127507526862523,1.0
1,8,11,1489,-0.020544466581305574,0.4282564708857729,1.0
1,8,12,1488,-0.034073968057622514,0.1889584050296301,1.0
1,8,13,1487,-0.041082902952258166,0.11329379611402281,1.0
1,8,14,1486,-0.05089601571370085,0.04980976164350373,1.0
1,8,15,1485,-0.05152433748694042,0.04712523125962231,1.0
1,8,16,1484,-0.04585651717206459,0.07740285415168201,1.0
1,16,0,1500,-0.052131311993664324,0.043515645704007594,1.0
1,16,1,1499,-0.07028133352888301,0.006485408746892616,0.5123472910045167
1,16,2,1498,-0.05956783859040092,0.021130930854873026,1.0
1,16,3,1497,-0.060610260990763214,0.019013093738980937,1.0
1,16,4,1496,-0.06310486524603044,0.014639635407622491,1.0
1,16,5,1495,-0.05034234522262764,0.05164222107277213,1.0
1,16,6,1494,-0.055940675701861176,0.03060901085140188,1.0
1,16,7,1493,-0.05928271359623057,0.021978323027968805,1.0
1,16,8,1492,-0.05074206802698254,0.05004210472684555,1.0
1,16,9,1491,-0.04922088081674415,0.05741386912357897,1.0
1,16,10,1490,-0.044536538744940526,0.08569754288418718,1.0
1,16,11,1489,-0.04377769470643238,0.09128356218481062,1.0
1,16,12,1488,-0.03473139368071927,0.18056162310034907,1.0
1,16,13,1487,-0.052825488463587124,0.04167545009601689,1.0
1,16,14,1486,-0.04665434575940521,0.07218832145016035,1.0
1,16,15,1485,-0.045922625274356484,0.0768765950320442,1.0
1,16,16,1484,-0.04169055048268542,0.10841062492107331,1.0
1,32,0,1500,-0.08044448731675279,0.0018204661157697193,0.14927822149311698
1,32,1,1499,-0.0968542815836261,0.0001729241332187706,0.0146985513235955
1,32,2,1498,-0.08275220130081928,0.001347496718392536,0.1118422276265805
1,32,3,1497,-0.08417552421928338,0.0011144811552077538,0.09361641703745133
1,32,4,1496,-0.06644897779177555,0.010145878303432845,0.7812326293643291
1,32,5,1495,-0.055404492253614594,0.03218696384451498,1.0
1,32,6,1494,-0.06544847834661618,0.01139553602174165,0.8660607376523654
1,32,7,1493,-0.06753036353103878,0.009050932108500977,0.7059727044630761
1,32,8,1492,-0.06386675779004572,0.013609990926712673,0.993529337650025
1,32,9,1491,-0.06306278850553083,0.014873069317753972,1.0
1,32,10,1490,-0.05697390434292563,0.027866337214339055,1.0
1,32,11,1489,-0.05736937196941571,0.026848842932244023,1.0
1,32,12,1488,-0.056827838784449046,0.028376572684398468,1.0
1,32,13,1487,-0.06422505687077452,0.013245537967922582,0.9801698096262711
1,32,14,1486,-0.0611759464280934,0.01835014157675219,1.0
1,32,15,1485,-0.07150283796096844,0.0058402114201127,0.467216913609016
1,32,16,1484,-0.07685958683315929,0.0030492513334178218,0.24698935800684357
2,2,0,1500,0.0068488164801946425,0.7909821139795504,1.0
2,2,1,1499,-0.005120445175282854,0.842979506121386,1.0
2,2,2,1498,0.004226966210794677,0.8701525778448936,1.0
2,2,3,1497,0.008907212460603487,0.730584093354402,1.0
2,2,4,1496,-0.000511220623959292,0.9842375823761416,1.0
2,2,5,1495,0.015678172759328243,0.5446938403103923,1.0
2,2,6,1494,0.0038090279544808424,0.8830491588889801,1.0
2,2,7,1493,-0.023310313125056242,0.3680864897857735,1.0
2,2,8,1492,-0.007119605284909748,0.783486933166303,1.0
2,2,9,1491,-0.009776400565208905,0.7060300703045284,1.0
2,2,10,1490,-0.0013608348813186131,0.958142349994789,1.0
2,2,11,1489,-0.02225379326494939,0.3908346297177251,1.0
2,2,12,1488,-0.029592789275662137,0.25394457659884123,1.0
2,2,13,1487,-0.03344815839440115,0.19736616157718065,1.0
2,2,14,1486,-0.011489491923375719,0.6580937629080182,1.0
2,2,15,1485,-0.009638580798504357,0.7105442194875102,1.0
2,2,16,1484,-0.004542513955150609,0.8612026511918149,1.0
2,4,0,1500,0.0034126454340063245,0.8949357355294412,1.0
2,4,1,1499,-0.001549106729720575,0.9522140573353228,1.0
2,4,2,1498,0.002666534398218441,0.9178680562603649,1.0
2,4,3,1497,0.019068982169754563,0.4609701344493643,1.0
2,4,4,1496,0.004317805634743323,0.8674755213812948,1.0
2,4,5,1495,-0.0012604870648293312,0.9611613438884108,1.0
2,4,6,1494,-0.004925566154388102,0.8491318472398919,1.0
2,4,7,1493,-0.020724651301779366,0.4235935080373221,1.0
2,4,8,1492,-0.012729621598876698,0.623209006515816,1.0
2,4,9,1491,-0.014189177115469541,0.584061782072081,1.0
2,4,10,1490,-0.028587880368054895,0.2701113071962516,1.0
2,4,11,1489,-0.03617358255823343,0.16297521618824778,1.0
2,4,12,1488,-0.03501382091875473,0.17704065039263053,1.0
2,4,13,1487,-0.031698988217067174,0.22184228525709943,1.0
2,4,14,1486,-0.028219183821382738,0.2769868288041158,1.0
2,4,15,1485,-0.0037678091287661566,0.8846529173420159,1.0
2,4,16,1484,-0.013243026178020215,0.6102267116475222,1.0
2,8,0,1500,0.008581324517106706,0.7398271028106189,1.0
2,8,1,1499,-0.0005692387292558277,0.9824313734348009,1.0
2,8,2,1498,0.003842960362104068,0.8818579536813846,1.0
2,8,3,1497,-0.005442323170245598,0.833359356848205,1.0
2,8,4,1496,-0.005983079591203046,0.8171414546950004,1.0
2,8,5,1495,-0.011353328851437815,0.6609325364864507,1.0
2,8,6,1494,-0.028174206901038765,0.2764616631649235,1.0
2,8,7,1493,-0.042286320136289815,0.10241047576814817,1.0
2,8,8,1492,-0.04209765313713153,0.1040690163882048,1.0
2,8,9,1491,-0.04204101337347949,0.10465241522238576,1.0
2,8,10,1490,-0.04715401038324659,0.06881173254082243,1.0
2,8,11,1489,-0.039077655982037204,0.13175406229539188,1.0
2,8,12,1488,-0.04510774348696866,0.08195802739003848,1.0
2,8,13,1487,-0.03480863003544774,0.17974013663617855,1.0
2,8,14,1486,-0.02762695271539516,0.2871976905626075,1.0
2,8,15,1485,-0.02409618049152113,0.35345118057070835,1.0
2,8,16,1484,-0.02157208651915405,0.4063059748353798,1.0
2,16,0,1500,-0.02505209789613901,0.33224247937443185,1.0
2,16,1,1499,-0.035677827112618535,0.1673949561184961,1.0
2,16,2,1498,-0.03137499560587881,0.2248916936246501,1.0
2,16,3,1497,-0.031692498738803976,0.2203866322744691,1.0
2,16,4,1496,-0.039967085968630724,0.12230308392588829,1.0
2,16,5,1495,-0.03427037905003577,0.18538592193870823,1.0
2,16,6,1494,-0.0333584853089121,0.19751580064607333,1.0
2,16,7,1493,-0.048563540836377234,0.06065537429745303,1.0
2,16,8,1492,-0.04772794913971007,0.0653195440932343,1.0
2,16,9,1491,-0.04625145191844857,0.07419862261252815,1.0
2,16,10,1490,-0.05290746306903025,0.0411543342065205,1.0
2,16,11,1489,-0.05329867238306473,0.039743940490404785,1.0
2,16,12,1488,-0.0552394361823738,0.03311588195350095,1.0
2,16,13,1487,-0.06722496409112819,0.009512659317094914,0.7705254046846881
2,16,14,1486,-0.059874249550971204,0.02098793628522643,1.0
2,16,15,1485,-0.04792381028538707,0.06485109650753867,1.0
2,16,16,1484,-0.04678437644926096,0.07158799377583018,1.0
2,32,0,1500,-0.05467190379269797,0.034238456167809926,1.0
2,32,1,1499,-0.05862663260271083,0.02321354628066899,1.0
2,32,2,1498,-0.056165572373063945,0.02972512335134003,1.0
2,32,3,1497,-0.06533625385980357,0.011454428844264038,0.8868221324134573
2,32,4,1496,-0.06124896661824988,0.017824603010591845,1.0
2,32,5,1495,-0.059844376829113415,0.02066578745944002,1.0
2,32,6,1494,-0.06690570126554932,0.009687369710781723,0.7749895768625379
2,32,7,1493,-0.06195098678167601,0.016663877008579443,1.0
2,32,8,1492,-0.06125474196862512,0.017967349061131378,1.0
2,32,9,1491,-0.06553497608345127,0.011369514518121248,0.8868221324134573
2,32,10,1490,-0.06954957616920533,0.0072389073678621255,0.5935904041646943
2,32,11,1489,-0.07537888237274715,0.003609827578611244,0.3032255166033445
2,32,12,1488,-0.07616295216956569,0.003284693604062092,0.2791989563452778
2,32,13,1487,-0.07165573149038759,0.005702884502486236,0.47333941370635757
2,32,14,1486,-0.06693660664627703,0.009850291737633963,0.7781730472730831
2,32,15,1485,-0.05466708496868702,0.03516653667522292,1.0
2,32,16,1484,-0.05100321363635898,0.049483086493274396,1.0
3,2,0,1500,0.11441013206259136,8.91331440711894e-06,0.0007576317246051099
3,2,1,1499,-0.002999840591671886,0.9076145283959163,1.0
3,2,2,1498,-0.011584606380709177,0.6541449615793162,1.0
3,2,3,1497,-0.013865550134174906,0.5919234374122656,1.0
3,2,4,1496,-0.00838056713667292,0.746029151159219,1.0
3,2,5,1495,-0.0006142108075874413,0.981068981281989,1.0
3,2,6,1494,-0.020667621820201584,0.4247151808353953,1.0
3,2,7,1493,0.00022288559087549827,0.9931343335141944,1.0
3,2,8,1492,0.008335970975793935,0.7476614882444743,1.0
3,2,9,1491,-0.003958619624341866,0.8786124345610553,1.0
3,2,10,1490,0.002091346090311809,0.9357128410247948,1.0
3,2,11,1489,-0.005289523516256539,0.8384005169330714,1.0
3,2,12,1488,-0.026662348456102665,0.3040402004971542,1.0
3,2,13,1487,-0.0009832960377731716,0.9697788708473762,1.0
3,2,14,1486,0.014083803106178457,0.5874865566276115,1.0
3,2,15,1485,-0.004959486713297942,0.8485588749907669,1.0
3,2,16,1484,-0.00641269945084388,0.8050405626058259,1.0
3,4,0,1500,0.07152897053700218,0.005579075010849403,0.46864230091134984
3,4,1,1499,-0.01671684458989291,0.5178066870310941,1.0
3,4,2,1498,-0.008434575456326417,0.7442842828563219,1.0
3,4,3,1497,-0.011899112131145535,0.6455009602881594,1.0
3,4,4,1496,-0.014806032465896894,0.5671710699669417,1.0
3,4,5,1495,-0.0012229806609172947,0.962316134953627,1.0
3,4,6,1494,-0.0005904286346496509,0.9818079551298111,1.0
3,4,7,1493,-0.005794592447959266,0.8229800996181409,1.0
3,4,8,1492,0.014523040750493203,0.5751163422037215,1.0
3,4,9,1491,-0.008636929649838466,0.7389619363618884,1.0
3,4,10,1490,-0.011480013980245798,0.6579269130338143,1.0
3,4,11,1489,-0.006726976646163061,0.7953555058415787,1.0
3,4,12,1488,-0.004096918917071887,0.8745317584294189,1.0
3,4,13,1487,-0.009692367543681059,0.7088150079782295,1.0
3,4,14,1486,0.012190960769205022,0.638664181138556,1.0
3,4,15,1485,-0.0054376255672949425,0.8341611338994178,1.0
3,4,16,1484,-0.008608868589941735,0.7403697603308395,1.0
3,8,0,1500,0.03578624109430669,0.16596581937435884,1.0
3,8,1,1499,-0.009081830720705895,0.7253374559735537,1.0
3,8,2,1498,-0.011001637640733166,0.6704978303825528,1.0
3,8,3,1497,-0.011660287593386642,0.6521426119980716,1.0
3,8,4,1496,-0.00407704357900842,0.8748024353180529,1.0
3,8,5,1495,-0.005287975981105936,0.8381259343389436,1.0
3,8,6,1494,-0.013044671726652484,0.6143977617540888,1.0
3,8,7,1493,-0.005340730814644614,0.8366416867407637,1.0
3,8,8,1492,0.004145395869366024,0.872890314396326,1.0
3,8,9,1491,-0.0095468962794332,0.712621216813335,1.0
3,8,10,1490,-0.0006801891832449006,0.9790709979303072,1.0
3,8,11,1489,-0.006103184375367373,0.8139670324850573,1.0
3,8,12,1488,-0.013437510637285753,0.6045040298497355,1.0
3,8,13,1487,-0.0073535945647162865,0.7769223297378124,1.0
3,8,14,1486,-0.003964993683920064,0.878621284689294,1.0
3,8,15,1485,-0.011802283836347332,0.6495106674952447,1.0
3,8,16,1484,-0.01084531756156889,0.6763482911306261,1.0
3,16,0,1500,0.02451345723589004,0.34274614637669754,1.0
3,16,1,1499,-0.012556052118951224,0.6271477656387807,1.0
3,16,2,1498,-0.012657128802999108,0.6244932429495877,1.0
3,16,3,1497,-0.008311335208893475,0.7479743415774285,1.0
3,16,4,1496,-0.012944057625463986,0.6168956824287269,1.0
3,16,5,1495,-0.00491562407250085,0.8493828654733504,1.0
3,16,6,1494,-0.013882396803174947,0.5918457476307103,1.0
3,16,7,1493,-0.008807787639019592,0.7338197697348279,1.0
3,16,8,1492,-0.0067331060867577225,0.7949712076360432,1.0
3,16,9,1491,-0.0068073107943473375,0.7928307828984091,1.0
3,16,10,1490,-0.014903871661949987,0.5653952667047552,1.0
3,16,11,1489,-0.010360188021949369,0.6895621086723913,1.0
3,16,12,1488,-0.017555869136300792,0.4986003031066324,1.0
3,16,13,1487,-0.013560110411996479,0.6013331239483959,1.0
3,16,14,1486,-0.009756761947226633,0.7070636208494387,1.0
3,16,15,1485,-0.015322877799915115,0.5551804614835874,1.0
3,16,16,1484,-0.02031618082251503,0.4341817892909178,1.0
3,32,0,1500,0.0014416719897583487,0.9555097407294568,1.0
3,32,1,1499,-0.02268755392968838,0.3800672156633065,1.0
3,32,2,1498,-0.024187786136626255,0.3495205983927292,1.0
3,32,3,1497,-0.02066869401721402,0.4242257405566392,1.0
3,32,4,1496,-0.020325258334483592,0.43212085174280845,1.0
3,32,5,1495,-0.01427582662430084,0.5812604535434096,1.0
3,32,6,1494,-0.02428804093634771,0.34817186681751,1.0
3,32,7,1493,-0.01973173000905363,0.446145371069001,1.0
3,32,8,1492,-0.016300134012677974,0.5292640480490387,1.0
3,32,9,1491,-0.023467783622170828,0.36518083557093206,1.0
3,32,10,1490,-0.025637649699787532,0.3226834142577494,1.0
3,32,11,1489,-0.02299348677806049,0.37527560853173036,1.0
3,32,12,1488,-0.03267269424522876,0.2078088823828699,1.0
3,32,13,1487,-0.025953918760314477,0.3172367237957858,1.0
3,32,14,1486,-0.026643133522229388,0.30471472086532425,1.0
3,32,15,1485,-0.03016184317173018,0.24540074956939198,1.0
3,32,16,1484,-0.03425507274710912,0.18721134265244058,1.0
